DATE,OPEN,HIGH,LOW,CLOSE
2015-02-12,17.5000,17.8300,16.5900,17.0500
2015-02-13,17.2400,17.8000,17.0500,17.8000
2015-02-17,18.1800,19.9700,17.8600,19.7000
2015-02-18,20.6500,21.8500,20.2000,21.6300
2015-02-19,22.2000,22.3500,19.4400,19.9100
2015-02-20,19.9200,21.0000,19.5600,20.3000
2015-02-23,20.3000,20.6700,19.4150,19.7400
2015-02-24,19.3800,19.9700,18.0000,18.5000
2015-02-25,18.6800,19.0000,18.3108,18.6500
2015-02-26,18.9500,19.2500,18.6700,18.8800
2015-02-27,18.6800,19.6384,18.3300,18.6800
2015-03-02,18.8900,19.3500,18.3400,18.7800
2015-03-03,18.9800,20.4972,18.9800,20.2100
2015-03-04,20.0300,20.3772,19.6600,19.9900
2015-03-05,19.8000,20.0000,18.2300,18.2700
2015-03-06,18.5100,19.1400,18.3200,18.7000
2015-03-09,18.6300,18.6300,17.5000,17.5600
2015-03-10,17.5000,17.8175,17.0600,17.5000
2015-03-11,18.3800,19.2000,17.3700,17.5000
2015-03-12,17.6400,17.8000,16.9100,17.1900
2015-03-13,17.2500,17.8595,17.2500,17.6900
2015-03-16,18.0900,18.1100,17.1650,17.7900
2015-03-17,17.6500,18.8700,17.6500,18.2700
2015-03-18,18.0900,19.5300,17.8601,19.4000
2015-03-19,19.5200,21.8100,18.4000,18.4700
2015-03-20,18.6000,19.0000,17.2900,18.5200
2015-03-23,18.4500,19.2500,18.0800,18.9600
2015-03-24,18.7900,19.9900,18.5201,19.5300
2015-03-25,19.3800,19.6700,17.5000,17.8000
2015-03-26,17.8400,17.8800,17.3000,17.4500
2015-03-27,17.4700,17.9800,16.3000,16.8800
2015-03-30,17.0800,17.5700,16.9100,17.1000
2015-03-31,17.2900,17.6000,16.3400,16.7600
2015-04-01,16.7900,16.9500,15.8300,16.0100
2015-04-02,16.1500,16.3899,15.8300,16.0900
2015-04-06,16.0200,17.0300,16.0200,17.0000
2015-04-07,17.0000,17.4300,16.5900,16.6900
2015-04-08,16.8500,17.0800,16.7000,17.0200
2015-04-09,16.9700,17.1500,16.5200,16.5800
2015-04-10,16.5700,16.8700,16.1900,16.8400
2015-04-13,16.7900,17.4000,16.7600,16.8700
2015-04-14,16.8700,16.9600,16.4500,16.8300
2015-04-15,16.7900,17.1500,16.5500,17.0800
2015-04-16,17.1600,17.4000,16.9600,17.1000
2015-04-17,16.9900,16.9900,16.1550,16.4000
2015-04-20,16.4100,16.5900,15.7200,15.8800
2015-04-21,15.8900,15.8900,13.7000,13.8800
2015-04-22,13.9000,14.0000,12.6800,12.7600
2015-04-23,12.6400,13.0100,12.0000,12.8200
2015-04-24,12.8800,13.2800,12.7400,13.2300
2015-04-27,13.1600,13.4900,11.5850,11.7800
2015-04-28,11.8900,11.8900,11.0000,11.1400
2015-04-29,11.2900,11.3400,10.8600,11.2800
2015-04-30,11.2200,11.2500,10.5000,10.9500
2015-05-01,11.0000,11.3900,10.9800,11.3300
2015-05-04,11.4000,11.7350,11.2200,11.3700
2015-05-05,11.3800,11.5400,11.2500,11.4700
2015-05-06,11.8500,12.5600,11.6000,12.0700
2015-05-07,12.2800,12.4900,11.4700,11.6700
2015-05-08,11.7700,12.6600,11.6000,12.5700
2015-05-11,12.6700,12.7057,11.8780,11.9800
2015-05-12,11.7200,12.5900,11.7110,12.5600
2015-05-13,12.4600,12.5500,11.3700,12.4500
2015-05-14,13.7200,14.7100,13.0800,14.0000
2015-05-15,14.0900,14.2500,13.2550,13.5300
2015-05-18,13.5800,15.8000,13.5520,15.4000
2015-05-19,15.8700,16.0200,14.8000,14.9700
2015-05-20,14.9500,15.5000,14.7500,14.8700
2015-05-21,14.9000,15.1700,14.2200,14.6200
2015-05-22,14.3900,14.5200,13.3700,13.8000
2015-05-26,13.8300,14.2440,13.3600,13.5900
2015-05-27,13.6300,14.0200,12.2000,13.0300
2015-05-28,12.9900,13.0300,12.4500,12.8600
2015-05-29,12.8400,13.0780,12.3100,12.4500
2015-06-01,12.5400,12.9200,12.3600,12.7500
2015-06-02,12.7800,13.2800,12.5300,13.0400
2015-06-03,13.1100,14.6620,13.0100,14.3900
2015-06-04,14.5000,14.7400,13.7162,14.0000
2015-06-05,14.0300,14.4650,13.3200,14.0000
2015-06-08,14.0600,14.8900,14.0600,14.7600
2015-06-09,14.8800,14.8900,14.0100,14.1100
2015-06-10,14.1700,15.4000,14.1600,14.7600
2015-06-11,15.0100,15.7200,14.8500,15.5100
2015-06-12,15.4500,15.7800,14.9000,15.1900
2015-06-15,15.2000,15.6000,15.0500,15.2900
2015-06-16,15.3800,15.7800,14.5650,14.6700
2015-06-17,14.7500,15.1600,14.3700,15.1500
2015-06-18,15.4000,16.3900,14.7700,14.8300
2015-06-19,14.9000,15.1890,14.0400,14.0600
2015-06-22,14.4000,14.9871,13.9700,14.9700
2015-06-23,14.9000,15.4300,14.8400,15.3600
2015-06-24,15.3300,15.4700,14.8700,15.1400
2015-06-25,15.0600,15.2500,14.9000,15.0000
2015-06-26,14.9900,15.1100,14.7600,15.0200
2015-06-29,14.7600,14.9000,14.5100,14.6100
2015-06-30,14.7600,15.0400,14.5600,14.8800
2015-07-01,15.0000,15.1650,14.9300,15.0500
2015-07-02,15.1000,15.3400,14.7600,15.1200
2015-07-06,14.7900,15.4200,14.6718,15.3900
2015-07-07,15.4800,15.4800,14.8101,14.9200
2015-07-08,14.7100,14.8900,13.8317,13.9900
2015-07-09,14.1300,14.1300,12.9300,13.0300
2015-07-10,13.1000,13.4800,13.1000,13.2000
2015-07-13,13.2000,13.3100,12.6100,13.0300
2015-07-14,12.8200,13.2600,12.5700,13.1000
2015-07-15,12.9400,13.2840,12.3300,12.7500
2015-07-16,12.7900,13.1150,12.1200,12.3600
2015-07-17,12.2600,12.5400,12.1800,12.4700
2015-07-20,12.4600,12.5000,12.0400,12.2800
2015-07-21,12.2400,12.4300,11.6600,11.9600
2015-07-22,13.2800,13.2800,11.5200,11.6200
2015-07-23,11.5100,11.6001,11.0000,11.2400
2015-07-24,11.1500,11.2400,10.5200,10.5300
2015-07-27,10.4500,10.7300,10.2300,10.3900
2015-07-28,10.4400,10.6600,10.2000,10.3700
2015-07-29,10.3700,10.5600,9.9300,9.9700
2015-07-30,9.9100,10.0000,9.7000,9.7200
2015-07-31,9.7800,10.5500,9.6800,9.9900
2015-08-03,10.0000,10.4000,9.6300,9.9100
2015-08-04,9.8500,10.1800,9.5400,9.9000
2015-08-05,9.8300,10.0100,9.5100,9.6100
2015-08-06,9.5200,9.9100,8.4900,8.9700
2015-08-07,8.1100,10.5500,8.1100,10.0600
2015-08-10,10.0800,10.2400,9.3200,9.4500
2015-08-11,8.8800,9.4099,8.6100,8.9800
2015-08-12,8.7900,9.3200,8.4500,9.0000
2015-08-13,8.9300,9.2050,8.7400,8.8400
2015-08-14,8.9700,9.1880,8.5550,8.7000
2015-08-17,8.6000,9.4400,8.4300,8.8100
2015-08-18,8.8400,9.0900,8.4800,8.5300
2015-08-19,8.4600,9.0000,8.3600,8.8800
2015-08-20,8.8400,8.8900,8.3500,8.5200
2015-08-21,8.2200,8.7100,8.0200,8.5600
2015-08-24,8.0000,8.6800,8.0000,8.5900
2015-08-25,8.8000,8.9300,8.4400,8.7700
2015-08-26,8.9200,9.1750,8.5000,9.1500
2015-08-27,9.1400,9.4600,8.8900,9.4400
2015-08-28,9.7900,11.6800,9.4600,10.8800
2015-08-31,10.7900,10.9200,10.1200,10.2100
2015-09-01,10.0400,10.1400,9.7100,9.8300
2015-09-02,9.7700,9.9100,9.2100,9.6900
2015-09-03,9.7900,9.8000,9.4700,9.7800
2015-09-04,9.7100,10.5900,9.6000,10.5500
2015-09-08,10.6600,11.3500,10.3600,10.8500
2015-09-09,10.8600,11.1800,10.5600,10.9400
2015-09-10,10.8900,11.1000,10.4000,11.1000
2015-09-11,10.9900,11.1800,10.6700,11.1000
2015-09-14,11.0000,11.2250,10.7900,10.9900
2015-09-15,11.0000,11.2800,10.9200,11.0200
2015-09-16,11.0000,11.0100,9.8300,10.3300
2015-09-17,10.3700,10.8300,10.1401,10.3900
2015-09-18,10.2600,10.3800,9.9501,10.3200
2015-09-21,10.4100,10.8600,10.1900,10.5800
2015-09-22,10.4500,10.4500,9.8400,10.2500
2015-09-23,10.3100,10.3100,9.8401,9.9500
2015-09-24,9.8600,10.0200,9.0800,9.3000
2015-09-25,9.3300,9.3300,8.2100,8.3400
2015-09-28,8.3000,8.3000,6.6800,6.9500
2015-09-29,6.9200,7.1000,6.5800,7.0700
2015-09-30,7.1500,7.3500,6.8300,7.2200
2015-10-01,7.2300,7.4300,6.7200,7.0100
2015-10-02,6.8800,7.4200,6.8550,7.4000
2015-10-05,7.4300,7.7300,7.2500,7.3800
2015-10-06,7.3300,7.4500,6.7800,7.2100
2015-10-07,7.1800,7.9300,6.9700,7.9100
2015-10-08,7.8800,8.0000,7.4800,7.8700
2015-10-09,7.8300,8.2300,7.7300,7.9900
2015-10-12,7.9900,8.2800,7.8200,8.2700
2015-10-13,8.1700,8.5700,8.1400,8.2300
2015-10-14,8.2500,8.5300,8.2401,8.3900
2015-10-15,8.4000,9.2600,8.4000,9.2600
2015-10-16,9.3200,9.6300,8.9900,9.5800
2015-10-19,9.5900,10.0960,9.5300,9.6500
2015-10-20,9.6000,9.6000,9.1700,9.2400
2015-10-21,9.3100,9.4700,8.8500,8.9300
2015-10-22,8.9700,9.2700,8.6500,8.9100
2015-10-23,8.9800,9.3000,8.7200,8.8600
2015-10-26,8.8800,9.1000,8.6700,8.8900
2015-10-27,8.8800,9.0800,8.6900,8.9800
2015-10-28,8.9000,9.0000,8.5500,8.9600
2015-10-29,9.0900,9.3200,8.0000,8.0200
2015-10-30,8.0700,8.1300,7.5600,7.6200
2015-11-02,7.6800,8.3500,7.6200,8.1300
2015-11-03,8.1200,8.9100,8.0000,8.6500
2015-11-04,8.6900,8.9400,8.4000,8.5100
2015-11-05,8.5500,8.6600,7.6700,7.6800
2015-11-06,7.2100,8.5200,6.9300,8.1400
2015-11-09,8.1600,8.1600,7.6700,7.8100
2015-11-10,7.8300,7.8300,7.0700,7.2200
2015-11-11,7.2600,7.3666,6.6800,6.7800
2015-11-12,6.8850,7.2900,6.5200,6.8000
2015-11-13,6.7500,6.8500,6.5700,6.6200
2015-11-16,6.6200,6.8250,6.4650,6.7300
2015-11-17,6.6000,6.8700,6.4600,6.5500
2015-11-18,6.5100,6.8500,6.5000,6.7800
2015-11-19,6.7200,6.9450,6.5000,6.7400
2015-11-20,6.7400,7.1700,6.7000,6.9600
2015-11-23,7.0000,7.7000,6.8600,7.1700
2015-11-24,7.1600,7.6000,7.0900,7.4000
2015-11-25,7.4300,7.8800,7.4300,7.7600
2015-11-27,7.8400,8.2100,7.7500,8.0600
2015-11-30,8.0800,8.0800,7.5300,7.6900
2015-12-01,7.6200,7.6499,7.2100,7.5500
2015-12-02,7.5400,7.6800,7.2700,7.3200
2015-12-03,7.3200,7.3550,7.1100,7.1700
2015-12-04,7.1600,7.4700,7.0000,7.3300
2015-12-07,7.2900,7.2900,6.9100,7.0600
2015-12-08,7.0000,7.3200,6.9750,7.2000
2015-12-09,7.1000,7.7100,7.1000,7.4900
2015-12-10,7.4800,7.7000,7.3800,7.5400
2015-12-11,7.4300,7.7000,7.0500,7.4000
2015-12-14,7.3600,7.5300,7.1100,7.3300
2015-12-15,7.2800,7.6100,7.2100,7.5100
2015-12-16,7.5100,7.8920,7.4800,7.8100
2015-12-17,7.8400,8.4000,7.7000,8.2200
2015-12-18,8.1300,8.8000,8.0400,8.1200
2015-12-21,8.1400,8.4900,7.9700,8.1100
2015-12-22,8.1100,8.2700,7.9000,8.1900
2015-12-23,8.2700,8.2700,7.9500,8.1400
2015-12-24,8.1900,8.2600,7.9100,8.0500
2015-12-28,8.2100,8.6100,8.0200,8.4900
2015-12-29,8.5600,8.5600,8.1600,8.4400
2015-12-30,8.4600,8.5300,8.2800,8.3300
2015-12-31,8.3300,8.4400,8.2000,8.2100
2016-01-04,8.0200,8.1499,7.2200,7.3000
2016-01-05,7.2800,7.5000,7.2300,7.4600
2016-01-06,7.3500,7.5300,6.8700,7.2800
2016-01-07,7.1000,7.2000,6.8500,7.0100
2016-01-08,7.0700,8.1200,7.0350,7.5200
2016-01-11,7.5200,7.5200,6.9100,7.2500
2016-01-12,7.3100,7.6295,7.1800,7.5400
2016-01-13,7.6100,7.7800,7.1500,7.2700
2016-01-14,7.2900,7.6400,7.1100,7.4600
2016-01-15,7.2800,7.2800,6.8200,7.1400
2016-01-19,7.3600,7.4500,6.9400,6.9700
2016-01-20,6.8400,7.7000,6.5700,7.2100
2016-01-21,7.2100,8.0000,7.0600,7.5100
2016-01-22,7.6900,8.0400,7.6700,8.0100
2016-01-25,8.0600,8.4900,8.0000,8.0300
2016-01-26,8.1100,8.4500,7.6200,8.3500
2016-01-27,8.3800,8.3800,7.0300,7.1600
2016-01-28,7.2700,7.2700,6.5000,6.7600
2016-01-29,6.7100,7.0300,6.4900,7.0000
2016-02-01,6.9300,7.1400,6.6600,7.0100
2016-02-02,6.8900,7.2300,6.8300,7.0100
2016-02-03,7.0700,7.3900,6.7100,7.3900
2016-02-04,7.5600,7.7300,7.1700,7.2600
2016-02-05,7.2800,7.3900,7.0400,7.2600
2016-02-08,7.2400,7.5900,6.9000,7.0700
2016-02-09,6.8700,7.1300,6.5510,6.8400
2016-02-10,6.6000,6.7900,5.9400,5.9500
2016-02-11,5.9400,6.5600,5.6600,6.5500
2016-02-12,6.6200,6.6200,6.0000,6.3300
2016-02-16,6.5000,6.7800,6.2300,6.5000
2016-02-17,6.5800,7.0700,6.4628,7.0300
2016-02-18,7.1600,7.3300,6.8500,7.2300
2016-02-19,7.2800,8.0500,7.2200,7.3900
2016-02-22,7.4000,7.8500,7.4000,7.7700
2016-02-23,7.8200,7.8900,7.7100,7.8000
2016-02-24,7.7500,8.3100,7.4500,8.2000
2016-02-25,8.2000,8.3400,8.0200,8.1800
2016-02-26,8.3000,9.9800,8.0200,9.0000
2016-02-29,8.7000,9.2050,8.5840,8.6300
2016-03-01,8.8400,9.1800,8.4400,8.9900
2016-03-02,9.0800,9.1700,8.9100,9.0100
2016-03-03,9.1000,9.2300,9.0200,9.1300
2016-03-04,9.0444,9.5000,8.8500,9.3500
2016-03-07,9.2700,9.9200,9.2105,9.5100
2016-03-08,9.3400,9.3400,8.8800,8.8900
2016-03-09,9.0600,9.0600,8.5400,8.5600
2016-03-10,8.8800,8.8800,8.3200,8.4100
2016-03-11,8.5400,8.6300,8.4000,8.5700
2016-03-14,8.6400,8.6400,8.3100,8.5600
2016-03-15,8.5900,8.5900,8.1700,8.2800
2016-03-16,8.2600,8.3900,8.1700,8.2900
2016-03-17,8.3600,8.7360,8.2300,8.5000
2016-03-18,8.6300,9.7500,8.3100,9.4200
2016-03-21,9.3900,9.7000,9.0529,9.1900
2016-03-22,9.0100,9.5800,8.9494,9.1700
2016-03-23,9.2000,9.5800,8.6201,8.7400
2016-03-24,8.7300,8.9800,8.3908,8.9200
2016-03-28,9.0100,9.0100,8.6511,8.9800
2016-03-29,9.0000,11.2500,8.8700,9.6400
2016-03-30,9.6900,10.2500,9.6900,9.8700
2016-03-31,10.2500,10.9314,10.0900,10.2300
2016-04-01,10.2300,10.8900,9.9400,10.7000
2016-04-04,10.9600,11.3700,10.6400,11.1000
2016-04-05,11.1000,11.5000,10.3200,10.8200
2016-04-06,11.1300,11.4400,10.8200,11.0400
2016-04-07,11.0500,11.6400,10.8300,11.2600
2016-04-08,11.3600,11.7500,11.2300,11.6200
2016-04-11,11.7400,11.8500,10.8600,10.9000
2016-04-12,10.9100,11.1800,10.6490,10.8300
2016-04-13,10.8500,11.1100,10.4700,10.5000
2016-04-14,10.5000,10.8700,10.5000,10.6900
2016-04-15,10.6500,11.1200,10.3800,10.8500
2016-04-18,10.8600,11.1300,10.5500,10.6000
2016-04-19,10.8400,11.2200,10.2600,10.7000
2016-04-20,10.7700,10.9700,10.3100,10.4500
2016-04-21,10.5000,10.8400,10.2000,10.6500
2016-04-22,10.6700,10.9400,10.5200,10.7000
2016-04-25,10.6200,10.7600,10.4700,10.7000
2016-04-26,10.7500,10.8300,10.2500,10.3000
2016-04-27,10.2700,10.4600,10.1500,10.3500
2016-04-28,10.3800,10.6600,9.9400,10.2400
2016-04-29,10.2200,10.2900,9.3700,9.5400
2016-05-02,9.6500,10.1100,9.4800,9.8300
2016-05-03,9.8000,9.8000,9.4000,9.4200
2016-05-04,9.3300,9.5000,8.9400,9.0100
2016-05-05,9.1000,9.3195,8.7900,9.1800
2016-05-06,9.1700,9.3000,8.8000,9.1000
2016-05-09,9.1500,9.7800,9.0000,9.6000
2016-05-10,9.8800,9.8800,8.8000,9.0000
2016-05-11,9.0600,9.0800,8.5500,8.8400
2016-05-12,8.8700,8.9569,8.3850,8.7300
2016-05-13,8.6800,9.2600,8.6800,8.8400
2016-05-16,8.7300,9.2600,8.5500,8.7800
2016-05-17,8.4500,8.7800,7.9300,8.4800
2016-05-18,8.3600,8.6900,8.1100,8.4500
2016-05-19,8.1800,8.3900,7.9900,8.3500
2016-05-20,8.3500,8.4700,8.0600,8.1500
2016-05-23,8.1700,8.6600,8.0000,8.5700
2016-05-24,8.5700,9.5000,8.3700,9.2700
2016-05-25,9.2000,9.5200,9.0750,9.2000
2016-05-26,9.2200,9.4800,8.6500,9.4100
2016-05-27,9.3300,9.5400,9.1400,9.5000
2016-05-31,9.4100,9.6650,9.0100,9.1000
2016-06-01,8.9600,9.4900,8.7700,9.4900
2016-06-02,9.3500,9.6900,9.2600,9.5300
2016-06-03,9.5300,9.6700,9.4000,9.6200
2016-06-06,9.5300,9.8000,9.3600,9.5500
2016-06-07,9.5000,9.5000,9.0000,9.0900
2016-06-08,8.9600,9.4500,8.9600,9.0500
2016-06-09,8.8700,9.3600,8.6700,8.7400
2016-06-10,8.6000,8.7399,8.0100,8.1200
2016-06-13,7.9600,8.2900,7.6300,7.8500
2016-06-14,7.7100,8.0400,7.7100,7.7700
2016-06-15,7.6800,8.0700,7.5900,7.7000
2016-06-16,7.5400,8.0500,7.5400,8.0300
2016-06-17,7.9200,8.1500,7.6800,7.7200
2016-06-20,7.6900,8.4700,7.6900,7.8400
2016-06-21,7.9200,8.3700,7.6100,8.1800
2016-06-22,8.2200,8.6900,8.0100,8.1400
2016-06-23,8.1300,8.6300,8.1300,8.2400
2016-06-24,7.8900,9.2200,7.6400,8.5000
2016-06-27,8.2000,8.4200,7.6000,7.6500
2016-06-28,7.4800,7.9100,7.3101,7.6600
2016-06-29,7.8000,7.8000,7.1400,7.3000
2016-06-30,7.3000,7.4500,7.2250,7.3900
2016-07-01,7.4300,7.6800,7.2201,7.6000
2016-07-05,7.7000,8.1900,7.6620,7.9900
2016-07-06,8.0000,8.2400,7.9300,8.1600
2016-07-07,8.1900,8.5800,8.1900,8.5400
2016-07-08,8.6700,9.0600,8.4000,9.0400
2016-07-11,9.0500,9.0900,8.7000,8.8700
2016-07-12,8.9800,9.1000,8.7500,9.0500
2016-07-13,9.1000,9.2100,8.7200,8.8100
2016-07-14,8.7900,8.7900,8.3100,8.3500
2016-07-15,8.4600,8.6900,8.3200,8.6100
2016-07-18,8.7000,8.7000,8.0100,8.1100
2016-07-19,8.0700,8.0700,7.8100,7.8400
2016-07-20,7.8400,8.0590,7.5900,7.6900
2016-07-21,7.6500,8.0800,7.6500,7.7500
2016-07-22,7.7500,8.3300,7.7500,8.0700
2016-07-25,8.1570,8.1570,7.6600,7.8100
2016-07-26,7.8500,8.2900,7.7300,8.1800
2016-07-27,8.1700,9.1400,8.1700,9.0300
2016-07-28,9.1100,9.3800,8.6500,8.6900
2016-07-29,8.7300,8.9700,8.4500,8.7700
2016-08-01,8.7000,9.0500,8.3400,8.4000
2016-08-02,8.3600,8.4800,8.0500,8.3600
2016-08-03,8.3200,8.5800,8.0900,8.5300
2016-08-04,8.5300,8.8525,8.3689,8.4400
2016-08-05,8.4500,8.7700,8.1300,8.6500
2016-08-08,8.7400,9.4700,8.4300,9.4200
2016-08-09,9.5900,9.8400,9.4100,9.6800
2016-08-10,9.4800,9.6300,8.4750,8.9500
2016-08-11,8.9000,9.0603,8.6600,8.9000
2016-08-12,8.9200,9.0800,8.6700,8.9400
2016-08-15,8.8100,9.6100,8.8100,9.4800
2016-08-16,9.3300,9.4100,8.7700,8.8100
2016-08-17,8.9100,9.0100,8.7500,8.8300
2016-08-18,8.9100,9.1150,8.5700,8.6600
2016-08-19,8.5900,8.7100,8.3000,8.4600
2016-08-22,8.5200,8.6400,8.3000,8.5700
2016-08-23,8.6600,8.9400,8.5800,8.7400
2016-08-24,8.7000,8.9800,7.7800,8.0100
2016-08-25,7.8200,8.5300,7.8200,7.9200
2016-08-26,7.8900,7.9800,7.5200,7.5700
2016-08-29,7.6300,8.3900,7.6300,8.2200
2016-08-30,8.1600,8.3000,7.7200,7.7600
2016-08-31,7.7200,7.9900,7.3400,7.8500
2016-09-01,7.9500,8.3899,7.7600,8.3400
2016-09-02,8.3900,8.6000,8.3000,8.5100
2016-09-06,8.4800,9.1900,8.4800,8.9400
2016-09-07,8.9000,9.1850,8.8633,8.9200
2016-09-08,8.7100,8.8600,8.4600,8.5400
2016-09-09,8.4000,8.5100,7.7400,7.7700
2016-09-12,7.7700,8.1444,7.7000,7.8300
2016-09-13,7.7500,8.1800,7.6000,7.7700
2016-09-14,7.7300,8.0600,7.6300,7.7400
2016-09-15,7.6800,7.9500,7.6800,7.8800
2016-09-16,7.8900,8.4600,7.8000,8.1800
2016-09-19,8.2200,8.3000,7.7500,7.7900
2016-09-20,7.9000,7.9700,7.6151,7.8900
2016-09-21,8.0000,8.3200,7.7900,8.3000
2016-09-22,8.2500,8.7900,8.1700,8.7800
2016-09-23,8.6900,8.8500,8.3100,8.4300
2016-09-26,8.4900,8.7300,8.3010,8.4500
2016-09-27,8.5700,8.7000,8.5000,8.7000
2016-09-28,8.7000,8.8500,8.6800,8.7600
2016-09-29,8.8000,8.8380,8.3500,8.3900
2016-09-30,8.5300,8.9400,8.4900,8.7600
2016-10-03,8.8300,8.9400,8.2010,8.4400
2016-10-04,8.4100,8.4500,8.2300,8.2600
2016-10-05,8.3500,8.5300,8.2800,8.4300
2016-10-06,8.5500,8.6900,8.2900,8.5100
2016-10-07,8.6000,8.6000,8.2200,8.3000
2016-10-10,8.4300,8.5000,8.0000,8.0300
2016-10-11,8.1000,8.1409,7.6200,7.7600
2016-10-12,7.8000,7.9300,7.6000,7.7800
2016-10-13,7.8200,7.8200,7.3000,7.3100
2016-10-14,7.4200,7.8500,7.3490,7.7700
2016-10-17,7.2200,7.8500,7.2200,7.4900
2016-10-18,7.5400,7.8200,7.5200,7.6800
2016-10-19,7.6800,8.1500,7.5000,7.8000
2016-10-20,7.7700,7.8299,7.5700,7.6400
2016-10-21,7.6000,7.7383,7.5700,7.6400
2016-10-24,7.6000,7.7300,7.5700,7.5800
2016-10-25,7.5600,7.6720,7.5000,7.5100
2016-10-26,7.5100,7.6200,7.4500,7.4800
2016-10-27,7.4800,7.5378,7.3000,7.3400
2016-10-28,7.3000,7.4000,7.0900,7.3500
2016-10-31,7.5900,8.0000,7.5500,7.6800
2016-11-01,7.8500,7.9700,7.4000,7.4300
2016-11-02,7.5200,7.5200,6.6700,6.6800
2016-11-03,6.6800,6.8022,6.3000,6.3500
2016-11-04,6.4500,7.3500,6.3600,6.9000
2016-11-07,7.2000,7.5400,7.0400,7.5200
2016-11-08,8.0000,8.2900,7.7600,7.8100
2016-11-09,7.9900,8.4600,7.7600,8.4400
2016-11-10,8.3600,9.4200,8.3600,9.1900
2016-11-11,9.0400,9.5000,8.8100,9.0000
2016-11-14,8.9000,9.2539,8.3000,8.6200
2016-11-15,8.6800,8.6800,8.2000,8.5300
2016-11-16,7.9500,7.9900,6.7600,6.9700
2016-11-17,5.9200,6.2450,5.7600,6.0100
2016-11-18,6.1400,6.3900,6.0100,6.0600
2016-11-21,6.2500,6.8700,6.2000,6.8200
2016-11-22,7.0400,7.2308,6.9300,6.9500
2016-11-23,7.2400,7.3550,7.0000,7.3500
2016-11-25,7.3400,7.6400,7.3000,7.3500
2016-11-28,7.5000,7.5000,6.8200,7.1500
2016-11-29,7.1200,7.1500,6.8100,6.9500
2016-11-30,6.9900,7.0700,6.8200,6.8700
2016-12-01,6.8500,7.1480,6.6800,6.7900
2016-12-02,6.8300,7.1500,6.7500,6.9500
2016-12-05,7.0200,7.2400,6.9500,7.0500
2016-12-06,7.0500,7.0750,6.8700,6.9800
2016-12-07,6.9500,6.9648,6.6500,6.8700
2016-12-08,6.8700,7.0400,6.7500,6.9600
2016-12-09,7.0600,7.4700,6.9700,7.2400
2016-12-12,7.2500,7.4950,7.1000,7.1800
2016-12-13,7.2600,7.5700,7.2519,7.4900
2016-12-14,7.4900,7.6600,7.2700,7.4200
2016-12-15,7.4000,7.5700,7.1510,7.1900
2016-12-16,7.2900,7.6200,7.2000,7.3000
2016-12-19,7.3900,7.4900,7.1800,7.2000
2016-12-20,7.3300,7.4700,7.3100,7.4600
2016-12-21,7.4600,7.5800,7.2700,7.3000
2016-12-22,7.3000,7.3600,7.0300,7.1000
2016-12-23,7.0600,7.2900,7.0600,7.1400
2016-12-27,7.2700,7.4775,7.2100,7.3800
2016-12-28,7.4000,7.6600,7.3100,7.6300
2016-12-29,7.6400,7.8559,7.3300,7.8400
2016-12-30,7.8400,8.0000,7.6000,7.9400
2017-01-03,8.0000,8.7700,7.9500,8.7500
2017-01-04,8.8000,9.5900,8.6973,9.2700
2017-01-05,9.3000,9.3256,8.4400,8.6800
2017-01-06,8.8400,8.8400,8.3170,8.5400
2017-01-09,8.6400,9.1500,8.4700,8.9700
2017-01-10,9.1200,9.3000,8.5300,9.2600
2017-01-11,9.2100,9.2300,8.8350,9.0000
2017-01-12,8.9700,8.9900,8.7000,8.9400
2017-01-13,8.8500,9.1493,8.5000,8.8100
2017-01-17,8.8100,8.8550,8.2700,8.5000
2017-01-18,8.5000,8.5900,8.2900,8.3400
2017-01-19,8.3000,8.4000,7.9500,7.9500
2017-01-20,8.3600,8.5200,8.0500,8.5100
2017-01-23,8.6500,9.1100,8.3800,9.0700
2017-01-24,9.1000,9.1100,8.4000,8.8600
2017-01-25,8.8800,9.0190,8.6800,8.8300
2017-01-26,8.7500,8.9100,8.3100,8.3200
2017-01-27,8.3500,8.6000,8.3300,8.4800
2017-01-30,8.4100,8.4100,8.2700,8.3000
2017-01-31,8.2200,8.3800,8.0800,8.3700
2017-02-01,8.4000,8.8900,8.3450,8.6800
2017-02-02,8.6200,8.8500,8.5100,8.7200
2017-02-03,8.8000,9.0700,8.6100,9.0600
2017-02-06,9.0600,9.2500,9.0100,9.1400
2017-02-07,9.2100,9.2100,8.6500,8.8000
2017-02-08,8.7600,8.8600,8.5900,8.6900
2017-02-09,8.7000,8.9300,8.6111,8.8700
2017-02-10,8.8700,9.0200,8.8000,8.8700
2017-02-13,8.8700,9.2500,8.7700,9.1600
2017-02-14,10.5900,10.6500,9.4500,9.8200
2017-02-15,9.7100,10.3500,9.3110,10.1300
2017-02-16,10.1000,10.3200,9.3400,9.6100
2017-02-17,9.6500,9.6900,9.4800,9.5400
2017-02-21,9.5500,10.3500,9.5400,10.2300
2017-02-22,10.3000,10.4400,10.0600,10.1100
2017-02-23,10.1100,10.3300,10.0100,10.1500
2017-02-24,10.0200,10.2500,9.8800,10.1100
2017-02-27,10.1200,10.6807,10.0900,10.6500
2017-02-28,10.5000,10.6900,10.3000,10.3100
2017-03-01,10.6400,10.9400,10.3400,10.6900
2017-03-02,10.6700,10.9601,10.5100,10.5800
2017-03-03,10.5700,10.5700,10.0400,10.2300
2017-03-06,10.2500,10.3103,9.8800,10.0900
2017-03-07,10.0000,10.4100,10.0000,10.2400
2017-03-08,10.2500,10.8000,10.0500,10.5000
2017-03-09,10.4600,10.5434,10.2400,10.3100
2017-03-10,10.4000,10.7500,10.3300,10.6400
2017-03-13,10.4500,10.6500,10.2400,10.3100
2017-03-14,10.2900,10.4300,10.1500,10.2700
2017-03-15,10.2900,10.5000,10.2089,10.3200
2017-03-16,10.3100,10.3700,10.1540,10.3100
2017-03-17,10.3300,10.4850,10.1600,10.3600
2017-03-20,10.3600,10.3600,10.1000,10.1200
2017-03-21,10.2300,10.2800,9.8500,9.8800
2017-03-22,9.9200,10.1500,9.8600,10.1200
2017-03-23,10.1000,10.7900,10.0100,10.5900
2017-03-24,10.6000,10.6000,10.2800,10.4000
2017-03-27,10.3800,10.7400,10.1100,10.5500
2017-03-28,10.5500,10.5700,10.2900,10.5300
2017-03-29,10.4500,11.2500,10.4350,11.1100
2017-03-30,11.1500,11.3001,10.8900,11.1500
2017-03-31,11.1600,11.3000,10.9500,11.0600
2017-04-03,11.2500,11.8800,11.2100,11.5100
2017-04-04,11.4200,11.7200,11.2900,11.3500
2017-04-05,11.4000,11.4900,10.6100,10.7600
2017-04-06,10.8000,11.3900,10.7600,11.0500
2017-04-07,11.0700,11.4800,10.9600,11.3900
2017-04-10,11.3500,11.5234,10.9800,11.1200
2017-04-11,11.1300,11.2500,10.6800,10.8600
2017-04-12,10.7500,10.9300,10.3300,10.3700
2017-04-13,10.3700,10.6000,10.3300,10.4800
2017-04-17,10.4300,10.5400,10.4100,10.5000
2017-04-18,10.4000,10.5000,10.2600,10.3900
2017-04-19,10.4100,10.5800,10.3700,10.3700
2017-04-20,10.3800,10.5500,10.3100,10.5300
2017-04-21,10.5200,10.5800,10.3300,10.3800
2017-04-24,10.5000,10.5400,10.3300,10.3900
2017-04-25,10.4500,10.7000,10.4200,10.6700
2017-04-26,10.6800,11.1100,10.6150,11.0100
2017-04-27,11.0400,11.3889,10.8600,11.1500
2017-04-28,11.0300,11.0989,10.7200,11.0300
2017-05-01,11.0500,11.2500,10.9700,11.1600
2017-05-02,11.1700,11.2800,10.9000,11.1300
2017-05-03,11.1400,11.1400,10.7600,10.9100
2017-05-04,11.0000,11.0000,10.6400,10.7900
2017-05-05,10.8300,10.9800,10.7000,10.8000
2017-05-08,10.8500,10.8900,10.5400,10.7800
2017-05-09,10.7800,10.9900,9.7500,9.7900
2017-05-10,9.8000,9.8700,9.4300,9.6000
2017-05-11,9.6000,9.7900,9.5200,9.7700
2017-05-12,9.8200,9.8400,9.6200,9.7900
2017-05-15,9.8300,9.9100,9.7600,9.8300
2017-05-16,9.7500,9.9500,9.6300,9.6700
2017-05-17,9.5500,9.5900,9.0100,9.1600
2017-05-18,9.1000,9.2050,8.8100,8.9000
2017-05-19,8.9400,9.1997,8.9400,9.0100
2017-05-22,9.0000,9.1000,8.7500,8.8500
2017-05-23,8.8700,8.9500,8.5300,8.6400
2017-05-24,8.6400,8.6400,8.3100,8.4300
2017-05-25,8.4300,8.4750,8.1700,8.4200
2017-05-26,8.4500,8.7400,8.4500,8.6000
2017-05-30,8.6000,8.6400,8.3850,8.5600
2017-05-31,8.5600,8.6300,8.4500,8.5800
2017-06-01,8.5400,8.9600,8.4900,8.9600
2017-06-02,9.0500,9.3500,9.0300,9.2800
2017-06-05,9.3200,9.3500,8.8100,8.8800
2017-06-06,8.7800,9.0300,8.7000,8.9800
2017-06-07,8.9700,9.1300,8.6419,8.8900
2017-06-08,8.9000,9.1100,8.7187,9.0800
2017-06-09,9.1000,9.3000,8.9300,9.2100
2017-06-12,9.1500,9.4500,8.9600,9.1800
2017-06-13,9.1700,9.4400,9.0200,9.3100
2017-06-14,9.2200,9.5000,9.1900,9.4600
2017-06-15,9.2800,9.5100,9.2000,9.4900
2017-06-16,9.4000,9.5400,9.2500,9.3500
2017-06-19,9.3900,9.5800,9.2610,9.4800
2017-06-20,9.5100,9.6300,9.4150,9.4300
2017-06-21,9.4800,9.6700,9.4500,9.5900
2017-06-22,9.6300,9.8150,9.4800,9.5900
2017-06-23,9.5800,9.7500,9.4550,9.5500
2017-06-26,9.3100,9.7300,9.2800,9.6400
2017-06-27,9.6000,9.6780,9.2600,9.3200
2017-06-28,9.3900,9.6800,9.3000,9.6300
2017-06-29,9.6300,9.7850,9.6000,9.7400
2017-06-30,9.7400,9.8900,9.5400,9.5600
2017-07-03,9.6200,9.6400,9.4400,9.5500
2017-07-05,9.4800,9.5000,9.2700,9.4800
2017-07-06,9.3900,9.4000,9.0700,9.1400
2017-07-07,9.2000,9.4250,9.1010,9.2200
2017-07-10,9.2200,9.2450,9.0100,9.1300
2017-07-11,9.1700,9.5200,9.1200,9.4900
2017-07-12,9.5000,9.8600,9.5000,9.7100
2017-07-13,9.6800,9.6800,9.4400,9.6400
2017-07-14,9.6700,9.8100,9.6000,9.6600
2017-07-17,9.7300,10.1900,9.7100,10.0500
2017-07-18,9.9400,10.0400,9.2800,9.3900
2017-07-19,9.3500,9.6100,9.3400,9.4900
2017-07-20,9.5200,9.5300,9.2900,9.3400
2017-07-21,9.4500,9.4900,9.2400,9.3300
2017-07-24,9.3600,9.4000,9.0700,9.3900
2017-07-25,9.4300,9.4300,9.2400,9.3500
2017-07-26,9.3500,9.4600,9.2850,9.3700
2017-07-27,9.4500,9.8000,9.3800,9.6100
2017-07-28,9.6000,9.7400,9.4300,9.5100
2017-07-31,9.5400,9.5636,9.2600,9.2800
2017-08-01,9.9800,10.2500,9.8250,9.9900
2017-08-02,9.9800,10.0900,9.7800,10.0400
2017-08-03,10.1500,10.2500,9.9500,10.1500
2017-08-04,10.1700,10.4000,10.1300,10.3400
2017-08-07,10.3900,10.3900,9.9710,10.1200
2017-08-08,9.9000,10.0000,9.2100,9.2300
2017-08-09,9.1200,9.3600,9.0400,9.2200
2017-08-10,9.2500,9.2800,9.0400,9.1100
2017-08-11,9.0500,9.2200,8.7300,9.1900
2017-08-14,9.2600,9.9200,9.2400,9.9000
2017-08-15,9.9100,9.9800,9.6700,9.6800
2017-08-16,9.8000,10.0900,9.6800,9.7700
2017-08-17,9.7600,9.8700,9.5300,9.5500
2017-08-18,9.4700,9.6900,9.4500,9.6000
2017-08-21,9.5200,9.6600,9.4000,9.6000
2017-08-22,9.6900,9.8500,9.6700,9.8100
2017-08-23,9.7500,10.0900,9.7100,10.0400
2017-08-24,10.0500,10.4400,10.0500,10.4000
2017-08-25,10.2500,10.2654,9.6600,9.8400
2017-08-28,9.8600,10.0400,9.7000,9.7900
2017-08-29,9.7000,9.8800,9.6400,9.6600
2017-08-30,9.6900,9.8400,9.5650,9.6500
2017-08-31,9.7400,9.8300,9.6200,9.8200
2017-09-01,9.8700,9.8800,9.6830,9.8400
2017-09-05,9.8400,9.9000,9.6500,9.8100
2017-09-06,9.8300,9.9000,9.4700,9.5200
2017-09-07,9.5200,9.6300,9.4100,9.4200
2017-09-08,9.4200,9.4700,9.3042,9.3800
2017-09-11,9.5000,9.5000,9.3100,9.3800
2017-09-12,9.3800,9.4700,9.3100,9.4200
2017-09-13,9.3700,9.4900,9.1300,9.4100
2017-09-14,9.3400,9.3400,9.2000,9.2400
2017-09-15,9.2200,9.2600,9.0500,9.0600
2017-09-18,9.1400,9.1400,8.8800,8.9200
2017-09-19,8.9000,8.9200,8.8100,8.8900
2017-09-20,8.8800,8.9700,8.8200,8.9100
2017-09-21,8.9300,9.0700,8.8573,8.9600
2017-09-22,8.9300,9.1700,8.8700,9.0900
2017-09-25,9.1000,9.1200,8.8100,8.9900
2017-09-26,9.0000,9.0400,8.8900,8.9400
2017-09-27,8.9500,9.1500,8.8500,9.1100
2017-09-28,9.1300,9.1800,9.0700,9.1600
2017-09-29,9.1400,9.3700,9.1400,9.3700
2017-10-02,9.3200,9.8700,9.2400,9.8400
2017-10-03,9.7700,9.9400,9.7300,9.9000
2017-10-04,9.8600,10.1000,9.8300,9.9900
2017-10-05,10.0500,10.0500,9.5601,9.6500
2017-10-06,9.6700,9.8900,9.6400,9.8900
2017-10-09,9.9000,10.0000,9.7200,9.8800
2017-10-10,9.9200,10.0300,9.8160,9.9400
2017-10-11,9.9000,10.1000,9.8900,9.9500
2017-10-12,9.9200,9.9200,9.7000,9.7600
2017-10-13,9.8000,9.8200,9.5600,9.8000
2017-10-16,9.8200,9.9200,9.7500,9.8400
2017-10-17,9.7800,9.9600,9.7800,9.8500
2017-10-18,9.9000,10.0300,9.8300,9.8900
2017-10-19,9.8800,9.9850,9.5800,9.7000
2017-10-20,9.8100,9.9300,9.8000,9.9200
2017-10-23,9.9200,9.9200,9.7900,9.8700
2017-10-24,9.9100,9.9100,9.3300,9.4400
2017-10-25,9.4700,9.6900,8.9200,9.0000
2017-10-26,8.8900,8.9600,8.5200,8.6200
2017-10-27,8.6600,9.1100,8.6000,9.0900
2017-10-30,9.1000,9.1100,8.6000,8.6700
2017-10-31,8.7100,8.7200,8.3620,8.4400
2017-11-01,8.5000,8.5300,8.2600,8.4400
2017-11-02,8.4800,8.6300,8.3500,8.4300
2017-11-03,8.3700,8.4100,8.2600,8.3100
2017-11-06,8.3200,8.4000,8.1200,8.1400
2017-11-07,7.9700,9.2500,7.8000,9.1500
2017-11-08,9.0500,9.1100,8.7900,8.9500
2017-11-09,8.9500,9.0800,8.8800,9.0000
2017-11-10,9.0000,9.0554,8.5100,8.6200
2017-11-13,8.6400,8.6740,8.1900,8.2000
2017-11-14,8.1300,8.1800,7.8300,7.8600
2017-11-15,7.7700,8.4600,7.5000,8.2500
2017-11-16,8.2100,8.3748,8.1500,8.1900
2017-11-17,8.1900,8.2700,8.0000,8.2600
2017-11-20,8.3000,8.4100,8.1600,8.3900
2017-11-21,8.4000,8.5400,8.2601,8.4500
2017-11-22,8.4500,8.6800,8.3397,8.6500
2017-11-24,8.6800,8.6800,8.4500,8.5500
2017-11-27,8.5400,8.7000,8.4692,8.5900
2017-11-28,8.6100,8.6700,8.3000,8.5500
2017-11-29,8.5500,8.7050,8.4200,8.5200
2017-11-30,8.5400,8.7700,8.4700,8.7400
2017-12-01,8.7400,8.8000,8.2700,8.7000
2017-12-04,8.7500,8.9500,8.5400,8.5600
2017-12-05,8.6000,8.7200,8.4600,8.4900
2017-12-06,8.4700,8.5500,8.3500,8.5000
2017-12-07,8.5000,8.7100,8.3500,8.6800
2017-12-08,8.7000,8.7400,8.6200,8.6400
2017-12-11,8.7100,8.7500,8.4100,8.4500
2017-12-12,8.4000,8.4300,8.1900,8.2100
2017-12-13,8.2300,8.5500,8.1800,8.4600
2017-12-14,8.5800,8.6500,8.3200,8.3300
2017-12-15,8.3100,8.5800,8.2701,8.5500
2017-12-18,8.6000,8.6600,8.4500,8.5500
2017-12-19,8.5800,8.6400,8.4800,8.5600
2017-12-20,8.4900,9.1900,8.3800,9.1000
2017-12-21,9.2250,9.3000,8.9600,9.2300
2017-12-22,9.1800,9.2400,9.0300,9.1000
2017-12-26,9.1500,9.4500,9.0900,9.2800
2017-12-27,9.3500,9.6100,9.3100,9.5700
2017-12-28,9.5500,9.5840,9.3700,9.5400
2017-12-29,9.5000,9.6700,9.0600,9.0800
2018-01-02,9.1700,9.4000,9.0000,9.3400
2018-01-03,9.4400,9.6500,9.2500,9.5300
2018-01-04,9.5700,9.9000,9.3500,9.8200
2018-01-05,9.9000,10.4072,9.7500,10.0500
2018-01-08,9.9800,10.0500,8.6100,8.6300
2018-01-09,8.7200,9.2400,8.6700,9.1800
2018-01-10,9.1000,9.4000,8.9500,9.3000
2018-01-11,9.2500,9.2500,8.9000,8.9100
2018-01-12,8.9100,8.9100,7.5225,7.5800
2018-01-16,7.8100,7.8501,7.2500,7.2600
2018-01-17,7.2500,7.2600,6.7500,6.7700
2018-01-18,6.8000,7.1900,6.6400,7.0300
2018-01-19,7.2800,7.6300,6.9700,7.1400
2018-01-22,7.1800,7.2800,7.0000,7.2500
2018-01-23,7.2500,7.6100,7.1600,7.5800
2018-01-24,7.6000,7.7770,7.2300,7.3100
2018-01-25,7.3500,7.3600,7.0300,7.0300
2018-01-26,7.0500,7.2350,6.9728,7.0500
2018-01-29,7.0500,7.3100,7.0500,7.1900
2018-01-30,7.1200,7.1500,6.9500,7.0000
2018-01-31,7.0700,7.0700,6.8100,6.8900
2018-02-01,6.8900,6.8900,6.4200,6.5300
2018-02-02,6.5000,6.7600,6.2800,6.5200
2018-02-05,6.4200,6.4700,5.9500,6.0600
2018-02-06,5.9800,6.3500,5.9070,6.2200
2018-02-07,6.2300,6.4400,6.1900,6.3700
2018-02-08,6.3500,6.4000,6.1600,6.1700
2018-02-09,6.2400,6.3400,5.9662,6.2400
2018-02-12,6.2600,6.5050,6.0800,6.2900
2018-02-13,5.9500,6.2500,5.1500,6.0900
2018-02-14,6.0600,6.2300,6.0000,6.1600
2018-02-15,6.2000,6.2300,6.0800,6.1900
2018-02-16,6.1700,6.6300,6.1301,6.4800
2018-02-20,6.4200,6.5650,6.1900,6.2300
2018-02-21,6.2600,6.5500,6.2400,6.3300
2018-02-22,6.3900,6.5900,6.3000,6.4300
2018-02-23,6.4400,6.5500,6.3100,6.5300
2018-02-26,6.5600,6.6600,6.4100,6.5600
2018-02-27,6.5600,6.7600,6.5300,6.6300
2018-02-28,6.6600,6.8199,6.5800,6.5900
2018-03-01,6.6100,6.8300,6.5000,6.8000
2018-03-02,6.7100,6.8500,6.6514,6.8400
2018-03-05,6.8100,7.0700,6.8000,7.0200
2018-03-06,7.0600,7.3700,7.0200,7.2500
2018-03-07,7.1900,7.3800,7.0700,7.3300
2018-03-08,7.3300,7.5700,7.2300,7.4900
2018-03-09,7.5600,7.7500,7.3100,7.6800
2018-03-12,7.7000,7.9800,7.6600,7.9300
2018-03-13,7.9500,7.9500,7.3200,7.5400
2018-03-14,7.6100,7.6400,7.3900,7.4000
2018-03-15,7.4200,7.6900,7.3400,7.5900
2018-03-16,7.6100,7.6600,7.4900,7.5600
2018-03-19,7.5600,7.6250,7.2600,7.4300
2018-03-20,7.4500,7.5000,7.2100,7.3000
2018-03-21,7.2800,7.5700,7.2600,7.4200
2018-03-22,7.3700,7.4900,7.2000,7.2800
2018-03-23,7.2500,7.2600,7.0100,7.0200
2018-03-26,7.1500,7.2000,6.8200,7.0000
2018-03-27,6.3800,6.4700,5.3500,5.4100
2018-03-28,4.4500,4.8500,4.3500,4.7000
2018-03-29,4.7300,4.8000,4.5200,4.6900
2018-04-02,4.7200,4.9900,4.7000,4.8700
2018-04-03,4.9900,5.2750,4.9500,5.0900
2018-04-04,5.0000,5.1700,4.8700,5.0000
2018-04-05,5.0100,5.2950,4.9200,5.2200
2018-04-06,5.1700,5.2700,4.9300,4.9800
2018-04-09,5.0300,5.3200,5.0200,5.2000
2018-04-10,5.2600,5.3100,5.0400,5.1200
2018-04-11,5.2600,5.8100,5.2500,5.6200
2018-04-12,5.6500,5.6700,5.4200,5.5900
2018-04-13,5.5900,5.7100,5.5100,5.6700
2018-04-16,5.6900,5.6900,5.4700,5.5400
2018-04-17,5.6200,5.9200,5.6200,5.7800
2018-04-18,5.8300,5.9000,5.7100,5.8100
2018-04-19,5.7900,5.8500,5.6900,5.7800
2018-04-20,5.7700,5.7899,5.5334,5.7100
2018-04-23,5.7200,5.7300,5.5400,5.5900
2018-04-24,5.6500,5.7500,5.5850,5.6800
2018-04-25,5.6700,5.6700,5.4000,5.5300
2018-04-26,5.5800,5.8400,5.5310,5.7300
2018-04-27,5.7500,5.8200,5.5600,5.6000
2018-04-30,5.6400,5.6500,5.4400,5.5300
2018-05-01,5.5600,5.5950,5.4100,5.5100
2018-05-02,5.5100,5.6000,5.4650,5.5000
2018-05-03,5.4400,5.4500,5.3100,5.4000
2018-05-04,5.4200,5.5900,5.3700,5.5000
2018-05-07,5.5300,5.8900,5.4800,5.8200
2018-05-08,5.8100,5.8100,5.5401,5.6000
2018-05-09,5.6100,5.9300,5.5700,5.9200
2018-05-10,6.1300,6.7300,6.1100,6.5700
2018-05-11,6.5800,6.9400,6.5400,6.9200
2018-05-14,6.9300,7.0800,6.6600,6.9900
2018-05-15,6.9800,7.0000,6.8200,6.9600
2018-05-16,5.7300,6.7600,5.5000,6.4800
2018-05-17,6.5600,6.7100,6.4600,6.5400
2018-05-18,6.6000,6.8100,6.5700,6.8000
2018-05-21,6.8600,7.2700,6.8100,7.2400
2018-05-22,7.2700,7.5000,7.1800,7.4600
2018-05-23,7.4500,7.7600,7.3900,7.7200
2018-05-24,7.7100,7.8600,7.6300,7.8200
2018-05-25,7.8000,7.8300,7.2117,7.2700
2018-05-29,7.2700,7.4400,7.2000,7.3500
2018-05-30,7.3500,7.5100,7.3400,7.4500
2018-05-31,7.4700,7.5500,7.3200,7.4000
2018-06-01,7.4600,7.5071,7.3800,7.5000
2018-06-04,7.5500,7.7200,7.2700,7.7100
2018-06-05,7.7200,7.7950,7.4600,7.6300
2018-06-06,7.6300,7.8000,7.6100,7.7100
2018-06-07,7.7200,7.8500,7.6200,7.7500
2018-06-08,7.7500,7.8600,7.6900,7.7900
2018-06-11,7.8600,8.0200,7.8200,7.8800
2018-06-12,7.8900,8.1400,7.8100,7.9600
2018-06-13,7.9500,8.3050,7.9101,8.1000
2018-06-14,8.1000,8.1500,7.8700,8.0900
2018-06-15,8.0900,8.2500,7.8900,8.1200
2018-06-18,8.1000,8.5850,8.0400,8.4200
2018-06-19,8.3600,8.4500,8.1100,8.3000
2018-06-20,8.3000,8.4700,8.0300,8.1900
2018-06-21,8.2000,8.2500,8.0050,8.0100
2018-06-22,8.0300,8.1600,7.8100,8.0800
2018-06-25,8.0300,8.2600,7.4700,7.4900
2018-06-26,7.5000,7.6700,7.1500,7.6400
2018-06-27,7.6200,7.6400,7.2700,7.2700
2018-06-28,7.2700,7.2700,7.0800,7.2200
2018-06-29,7.2900,7.5600,7.2300,7.3500
2018-07-02,7.2700,7.5400,7.1100,7.5400
2018-07-03,7.5600,7.7500,7.4900,7.5700
2018-07-05,7.6000,7.7900,7.4800,7.7300
2018-07-06,7.8000,8.0700,7.7400,7.9600
2018-07-09,7.9900,8.0200,7.6500,7.8400
2018-07-10,7.9400,8.1550,7.9000,8.1100
2018-07-11,8.0000,8.2200,7.8000,8.1500
2018-07-12,8.1700,8.2600,8.0100,8.2600
2018-07-13,8.2400,8.4500,8.2300,8.2900
2018-07-16,8.3000,8.3900,7.9500,8.3100
2018-07-17,8.2800,8.4500,8.2600,8.3700
2018-07-18,8.3500,8.3602,8.2200,8.3300
2018-07-19,8.3000,8.7200,8.2500,8.6700
2018-07-20,8.6900,8.7000,8.2700,8.4100
2018-07-23,8.4100,8.6400,8.2600,8.5500
2018-07-24,8.6200,8.8700,8.3299,8.6100
2018-07-25,8.6900,8.9300,8.5500,8.8100
2018-07-26,8.8200,8.8475,8.3520,8.7000
2018-07-27,8.6800,8.6800,8.1000,8.3700
2018-07-30,8.3800,8.7300,8.3000,8.4200
2018-07-31,8.4300,8.9650,8.4300,8.8400
2018-08-01,8.9000,8.9400,8.5700,8.6900
2018-08-02,8.6000,8.7300,8.2300,8.2500
2018-08-03,8.2900,8.6100,8.1600,8.2600
2018-08-06,8.2600,8.3000,7.9400,8.0100
2018-08-07,8.0000,8.1000,7.7300,8.0400
2018-08-08,8.7900,9.7000,8.5100,9.4400
2018-08-09,9.3500,9.9500,9.2500,9.9100
2018-08-10,9.4900,10.1800,9.4000,9.9500
2018-08-13,10.0500,10.1800,9.7900,9.9800
2018-08-14,10.0000,10.1500,9.7900,10.0600
2018-08-15,10.0600,10.5000,10.0300,10.3800
2018-08-16,10.4200,11.0000,10.2400,10.4800
2018-08-17,10.4500,10.4800,10.0700,10.2100
2018-08-20,10.3400,10.7000,10.1800,10.5900
2018-08-21,10.5900,10.8900,10.4900,10.8500
2018-08-22,10.8500,11.4900,10.8100,11.3300
2018-08-23,11.4300,12.0000,11.4300,11.9900
2018-08-24,12.0000,12.7500,11.9900,12.5600
2018-08-27,12.7000,13.3700,12.5640,13.0700
2018-08-28,13.0000,13.3400,12.6300,13.1600
2018-08-29,13.1500,14.1900,13.1400,14.1600
2018-08-30,14.1700,14.6200,14.0000,14.1700
2018-08-31,14.0800,15.4800,14.0800,14.8100
2018-09-04,14.8100,15.1200,14.2300,14.5200
2018-09-05,14.4500,14.7400,13.6600,14.2500
2018-09-06,14.2200,14.4200,13.6500,14.1800
2018-09-07,14.2200,14.7900,13.8900,13.9500
2018-09-10,13.9700,14.0600,13.1900,13.5100
2018-09-11,13.5200,13.9500,13.2600,13.8800
2018-09-12,13.8400,14.0401,13.3000,13.7100
2018-09-13,13.6700,13.7300,13.0200,13.6200
2018-09-14,13.7700,15.7100,13.6800,15.5800
2018-09-17,15.6800,16.7400,15.5200,16.5200
2018-09-18,16.4900,18.3750,16.4100,18.3100
2018-09-19,18.1700,18.2625,16.0300,16.1200
2018-09-20,16.1700,16.9300,16.0600,16.8900
2018-09-21,16.9000,17.2500,16.5300,16.7200
2018-09-24,16.8200,17.3000,16.5100,16.7000
2018-09-25,16.6900,16.9393,16.1200,16.1300
2018-09-26,16.3900,17.0400,16.2000,16.6700
2018-09-27,16.7500,17.0200,16.5575,16.7200
2018-09-28,16.6500,16.8000,16.3800,16.7300
2018-10-01,16.7500,17.7300,16.2200,16.3800
2018-10-02,16.3600,16.3600,14.1500,14.7800
2018-10-03,15.0000,15.1450,14.4110,14.8600
2018-10-04,14.8500,15.2100,14.1100,14.4200
2018-10-05,14.3200,14.8400,13.7000,14.2400
2018-10-08,13.8400,14.6300,13.7600,14.2800
2018-10-09,14.0700,14.7700,13.9600,14.5500
2018-10-10,14.4100,14.6000,13.3100,13.5700
2018-10-11,13.4500,14.2000,13.1400,13.2700
2018-10-12,13.7000,14.1100,13.5100,13.9000
2018-10-15,13.8100,14.1599,13.3100,13.8000
2018-10-16,13.9500,14.4169,13.6600,14.2000
2018-10-17,14.3400,14.4300,13.3800,13.7300
2018-10-18,13.6700,13.8000,12.6600,13.0900
2018-10-19,13.1900,13.3176,12.3100,12.8600
2018-10-22,12.9400,13.1800,12.6500,12.8000
2018-10-23,12.5500,13.2800,12.2800,13.0100
2018-10-24,13.0000,13.4300,12.2300,12.2300
2018-10-25,12.4100,13.4500,12.3700,13.0200
2018-10-26,12.6900,13.1700,12.2900,12.6500
2018-10-29,12.8600,13.1700,12.3000,12.5900
2018-10-30,12.5500,13.4500,12.5050,13.2400
2018-10-31,13.6300,14.4775,13.6300,14.1900
2018-11-01,14.3100,14.5300,13.8600,14.2700
2018-11-02,14.6500,15.3600,14.0800,14.5800
2018-11-05,14.6600,14.6600,13.8200,14.3300
2018-11-06,14.3600,14.9200,13.9500,14.3400
2018-11-07,14.4900,15.3854,14.2750,14.4600
2018-11-08,14.9900,16.0700,12.2100,12.8300
2018-11-09,12.6700,14.0000,12.6500,13.0100
2018-11-12,13.0600,13.7500,12.3500,13.2800
2018-11-13,13.2400,13.5400,12.2100,12.2400
2018-11-14,12.3700,12.7100,11.9800,12.1100
2018-11-15,12.1900,12.9500,12.0700,12.9000
2018-11-16,12.8400,13.3600,12.5500,13.2400
2018-11-19,13.0900,13.4000,12.5100,12.7800
2018-11-20,12.5000,12.6200,11.7300,12.1100
2018-11-21,12.2400,12.6200,12.1100,12.5700
2018-11-23,12.4700,13.5844,12.4700,13.0700
2018-11-26,13.2000,13.5690,12.7904,13.5300
2018-11-27,13.4400,13.9600,13.2600,13.3900
2018-11-28,13.4700,14.0900,13.0600,14.0000
2018-11-29,14.0200,14.6200,13.7600,13.8000
2018-11-30,13.7400,14.0800,13.4800,13.9300
2018-12-03,14.5500,14.7000,14.2000,14.4700
2018-12-04,14.3300,14.7100,13.0700,13.2200
2018-12-06,12.8200,13.4700,12.6100,13.3500
2018-12-07,13.2100,13.5856,12.2300,12.3500
2018-12-10,12.5000,12.8100,12.2300,12.4300
2018-12-11,12.6500,12.9600,12.2450,12.4500
2018-12-12,12.7000,12.9200,12.4200,12.6000
2018-12-13,12.6400,12.9000,12.3300,12.4700
2018-12-14,12.3500,12.6550,11.8800,12.0400
2018-12-17,11.9000,12.0000,10.9050,11.0000
2018-12-18,11.1300,11.6000,11.0800,11.2400
2018-12-19,11.4900,12.1800,11.4050,11.6400
2018-12-20,11.5600,11.7400,10.4300,10.5800
2018-12-21,10.4700,10.6300,9.4400,9.5400
2018-12-24,9.4500,9.7200,9.0400,9.2600
2018-12-26,9.2500,10.1900,9.2300,10.1900
2018-12-27,10.0100,10.0900,9.3900,10.0100
2018-12-28,10.0400,10.4700,9.8401,10.1800
2018-12-31,10.3000,11.1400,10.2900,11.0600
2019-01-02,10.7600,11.3200,10.5100,11.3100
2019-01-03,11.1500,11.2811,10.2700,10.6500
2019-01-04,11.0200,11.6900,10.8500,11.6800
2019-01-07,12.6200,13.9823,12.2000,13.6000
2019-01-08,13.8400,14.1400,12.9000,13.0700
2019-01-09,13.1800,14.2400,13.0200,14.1100
2019-01-10,14.0100,14.5000,13.7500,14.2500
2019-01-11,14.0500,14.1900,13.6600,14.0900
2019-01-14,14.0900,14.1300,13.6400,13.6500
2019-01-15,13.6500,14.5900,13.4700,14.3000
2019-01-16,14.3900,15.1500,14.1200,14.3000
2019-01-17,14.2700,14.8100,14.2400,14.3200
2019-01-18,14.4400,15.1200,14.4400,14.9400
2019-01-22,14.8000,15.4200,14.5000,14.7300
2019-01-23,14.8400,15.2500,14.3600,14.4000
2019-01-24,14.4400,14.6500,13.7600,14.4300
2019-01-25,14.5500,15.0890,14.4296,14.7900
2019-01-28,14.7000,14.7000,13.7200,13.9800
2019-01-29,14.0200,14.1400,13.4300,13.8600
2019-01-30,14.1000,14.2300,13.7700,14.0000
2019-01-31,13.8700,14.5492,13.8300,14.0800
2019-02-01,14.0200,14.1600,13.3700,13.4000
2019-02-04,13.4400,13.7700,13.0800,13.6500
2019-02-05,13.6300,13.9000,13.0000,13.2900
2019-02-06,13.2200,13.7600,13.0800,13.4500
2019-02-07,13.4200,13.5700,13.1000,13.2500
2019-02-08,13.3000,13.9200,13.2200,13.8900
2019-02-11,13.9900,15.1800,13.9900,14.5300
2019-02-12,14.6700,15.0700,14.2100,14.5500
2019-02-13,14.5600,15.9500,14.4200,15.6500
2019-02-14,15.5200,16.1300,15.2264,15.9400
2019-02-15,15.9400,16.2500,15.4500,16.0600
2019-02-19,16.1100,16.7300,15.9200,16.5100
2019-02-20,17.5700,18.8400,17.4100,18.7600
2019-02-21,18.7000,18.9392,17.7400,18.6400
2019-02-22,18.8500,19.4700,18.7500,19.2200
2019-02-25,19.4400,19.8000,18.5600,19.3000
2019-02-26,19.0400,19.8800,18.9050,19.6100
2019-02-27,19.6100,20.6500,19.4700,20.4000
2019-02-28,20.4800,20.8800,19.7800,20.1200
2019-03-01,20.2500,20.4700,19.7700,20.3300
2019-03-04,20.6800,20.8762,19.5200,20.3800
2019-03-05,19.1800,20.3500,18.3000,20.0300
2019-03-06,19.9300,20.3400,19.0000,19.2200
2019-03-07,19.2200,20.8600,18.7600,20.2800
2019-03-08,20.0300,21.3200,19.3601,20.8400
2019-03-11,21.3000,22.5500,20.9300,22.4900
2019-03-12,22.8000,23.0000,21.6300,22.7700
2019-03-13,22.9700,23.6800,22.6000,23.3100
2019-03-14,23.2200,23.6900,22.6600,23.4400
2019-03-15,23.4400,24.4800,23.3000,24.2800
2019-03-18,24.4000,25.2000,23.2762,24.1900
2019-03-19,24.2900,24.9100,24.0000,24.6800
2019-03-20,24.7500,25.3300,24.4359,25.0400
2019-03-21,24.9000,25.7600,24.7800,25.7500
2019-03-22,25.5300,25.7300,23.5000,23.5500
2019-03-25,23.3700,25.6700,23.0200,24.2900
2019-03-26,24.2200,24.6100,22.7400,23.4600
2019-03-27,23.3700,23.3800,21.2300,22.3700
2019-03-28,22.5200,23.2300,22.3500,22.9700
2019-03-29,23.2000,23.4400,22.7800,23.4200
2019-04-01,23.8500,24.6800,23.1800,23.6000
2019-04-02,23.4500,23.5699,22.5900,23.2400
2019-04-03,23.5000,24.8000,23.0900,24.1300
2019-04-04,24.0000,24.3300,22.9401,23.5800
2019-04-05,23.6200,25.4200,23.5300,24.8900
2019-04-08,24.8900,25.1000,24.0600,24.5700
2019-04-09,24.6100,25.4450,24.4600,25.1600
2019-04-10,25.1800,26.3127,24.9100,26.2700
2019-04-11,26.4400,26.7700,25.6000,26.1200
2019-04-12,26.2600,26.5700,25.7048,26.1400
2019-04-15,26.1100,26.3500,24.2200,25.0500
2019-04-16,25.2300,25.6500,24.5600,24.7400
2019-04-17,24.7300,24.9500,22.4100,22.5700
2019-04-18,22.3500,23.2500,21.4800,22.8400
2019-04-22,22.7000,23.3900,22.2000,22.7900
2019-04-23,23.1800,23.9700,22.6900,23.6300
2019-04-24,23.7600,23.8999,23.1100,23.5000
2019-04-25,23.3100,23.5000,22.6400,23.1700
2019-04-26,23.2700,23.9600,22.9100,23.8400
2019-04-29,23.9700,24.9600,23.8700,24.6700
2019-04-30,24.7700,24.9200,23.3800,23.6200
2019-05-01,23.7400,24.3000,23.1600,23.5100
2019-05-02,23.3300,24.2450,23.1093,24.1600
2019-05-03,24.2500,24.7800,23.8200,24.7600
2019-05-06,23.7800,25.4300,23.7800,25.0200
2019-05-07,24.9300,25.0500,23.6000,23.8600
2019-05-08,19.2800,21.1200,19.0000,19.0500
2019-05-09,19.1500,19.9900,18.3000,19.4700
2019-05-10,19.4000,19.8200,18.4600,19.6900
2019-05-13,18.8300,19.4800,18.1400,18.1900
2019-05-14,18.3000,19.1500,18.3000,18.6000
2019-05-15,18.3600,19.0800,18.1500,18.9900
2019-05-16,19.0400,19.4000,18.1750,18.3100
2019-05-17,18.1000,18.4550,17.8000,18.0500
2019-05-20,17.7700,18.1400,17.3600,17.7700
2019-05-21,17.8600,18.4900,17.8600,18.4200
2019-05-22,18.2400,18.5729,17.9000,18.0200
2019-05-23,17.9400,18.0100,17.2300,17.6100
2019-05-24,17.7800,17.9300,17.3900,17.4300
2019-05-28,17.5000,17.8661,17.3800,17.6300
2019-05-29,17.4600,17.5100,17.0200,17.3700
2019-05-30,17.5100,18.2200,17.5000,17.8900
2019-05-31,17.4100,18.0200,17.2200,17.4500
2019-06-03,17.5700,18.2500,17.4300,17.7700
2019-06-04,18.0500,18.5000,17.4100,18.5000
2019-06-05,18.7800,18.8050,17.9100,18.6100
2019-06-06,18.6000,18.6100,18.1100,18.2600
2019-06-07,18.3000,19.0400,18.0900,18.9200
2019-06-10,18.9000,20.4400,18.8500,19.9100
2019-06-11,20.3300,20.4800,18.5100,19.2300
2019-06-12,19.1800,19.5800,18.8100,19.0800
2019-06-13,19.2200,19.6900,18.7800,19.6900
2019-06-14,19.6200,19.6250,19.0100,19.2300
2019-06-17,19.0000,20.8800,18.6098,20.5200
2019-06-18,20.7500,21.2400,20.4500,21.2100
2019-06-19,21.2500,21.4700,20.7700,21.3100
2019-06-20,21.8000,22.3800,21.2500,21.5600
2019-06-21,21.3600,21.6200,20.0500,21.5500
2019-06-24,21.6200,21.7400,20.4900,20.5300
2019-06-25,20.7800,21.2000,20.4000,20.6600
2019-06-26,20.7500,21.1700,19.0000,20.1800
2019-06-27,20.2700,21.5800,20.2700,21.5500
2019-06-28,21.5400,23.9800,21.5400,23.5000
2019-07-01,24.0600,24.3000,23.3500,23.7900
2019-07-02,23.8400,23.8850,22.6900,23.1000
2019-07-03,23.1900,24.2700,22.8460,24.2700
2019-07-05,24.2700,24.3200,23.4454,23.8900
2019-07-08,23.8600,24.0900,23.1500,23.7500
2019-07-09,23.5500,24.0300,23.3109,24.0300
2019-07-10,24.1900,24.7900,23.2500,23.3800
2019-07-11,23.4700,23.4700,22.5100,23.0200
2019-07-12,23.0300,23.4000,22.5600,22.6200
2019-07-15,22.6700,22.7700,22.1350,22.7000
2019-07-16,22.7900,22.8800,21.4600,22.5200
2019-07-17,22.4200,24.2600,22.0200,23.4400
2019-07-18,23.5000,24.9400,23.1000,24.7800
2019-07-19,24.7800,24.9600,24.0400,24.2200
2019-07-22,24.5000,24.9062,24.0601,24.4800
2019-07-23,24.7200,24.7299,23.8300,24.4700
2019-07-24,24.2500,26.0343,23.8600,25.0100
2019-07-25,24.9100,25.2100,24.1500,24.1800
2019-07-26,24.3300,25.9400,24.2900,25.6600
2019-07-29,25.9700,26.3600,24.5500,25.7600
2019-07-30,25.4100,27.2100,25.1600,27.1800
2019-07-31,27.0100,28.3800,25.9800,26.8900
2019-08-01,27.0000,28.3103,26.2900,27.1700
2019-08-02,27.0000,27.3400,25.0400,25.9700
2019-08-05,25.0400,25.3000,23.6800,24.2800
2019-08-06,24.5300,25.2500,24.0600,24.9100
2019-08-07,28.0000,28.7500,25.7600,26.7900
2019-08-08,26.3400,27.6700,26.1000,27.5000
2019-08-09,27.4500,27.5500,25.9300,26.1500
2019-08-12,25.8200,25.9000,24.7800,24.8300
2019-08-13,24.6600,26.4900,24.5100,26.2700
2019-08-14,25.5000,25.8200,23.8800,24.3500
2019-08-15,24.3700,24.8674,23.8800,24.5700
2019-08-16,24.7000,25.2700,24.5000,25.1700
2019-08-19,25.5100,26.2700,25.3000,25.7700
2019-08-20,25.7000,25.9600,25.0900,25.7600
2019-08-21,26.5100,27.4000,26.0300,26.4500
2019-08-22,26.4600,26.6120,24.3100,24.4300
2019-08-23,24.2600,25.3000,23.7800,24.0000
2019-08-26,24.4500,25.0000,23.5400,24.9700
2019-08-27,25.1700,25.4300,23.4200,23.9400
2019-08-28,23.6200,24.2300,23.2836,23.9000
2019-08-29,24.0400,24.7000,23.7070,24.1800
2019-08-30,24.0000,24.5000,23.4350,24.2600
2019-09-03,23.9900,24.2200,22.5200,22.6700
2019-09-04,23.0000,23.3300,22.3000,23.2500
2019-09-05,22.2400,22.8540,21.0000,21.2400
2019-09-06,21.2300,21.7900,20.7700,21.5000
2019-09-09,21.6000,21.6000,20.4300,20.5400
2019-09-10,20.2700,20.9900,19.5700,20.3500
2019-09-11,20.2000,21.3616,20.0500,21.2600
2019-09-12,21.3100,21.9500,20.6600,21.9000
2019-09-13,21.7300,22.2600,21.4100,21.6800
2019-09-16,21.6200,21.9540,21.2500,21.7900
2019-09-17,21.7900,21.9597,21.1200,21.4900
2019-09-18,21.5600,21.8677,20.8400,21.4100
2019-09-19,21.1500,21.8500,21.0600,21.1400
2019-09-20,21.1100,21.7700,20.9800,21.6400
2019-09-23,21.6000,21.9700,20.8500,20.9700
2019-09-24,20.9500,21.1470,19.8100,20.4100
2019-09-25,20.3000,20.4650,19.5200,19.6700
2019-09-26,19.7700,19.9000,18.9200,19.2400
2019-09-27,19.2700,19.6506,18.7600,18.8500
2019-09-30,18.9500,19.5400,18.3500,19.2700
2019-10-01,19.1800,19.7400,17.8800,18.2300
2019-10-02,18.0000,18.5400,17.4800,18.4500
2019-10-03,18.4500,19.2100,17.8300,19.1300
2019-10-04,19.2400,19.4800,18.6000,19.4700
2019-10-07,19.1600,19.8400,19.0600,19.5600
2019-10-08,19.2800,19.3250,18.3400,18.5700
2019-10-09,18.7600,19.0000,18.4300,18.9000
2019-10-10,18.8100,19.1606,18.4100,18.5500
2019-10-11,18.8800,19.3300,17.9200,17.9900
2019-10-14,17.7600,18.2950,17.0500,18.0200
2019-10-15,18.3000,18.7200,18.1200,18.5500
2019-10-16,18.3600,18.4900,18.0000,18.2000
2019-10-17,18.3000,18.4750,17.7800,18.2600
2019-10-18,18.0500,18.1600,16.8600,17.4100
2019-10-21,17.4100,17.7700,17.0600,17.7400
2019-10-22,17.9700,18.0100,16.7000,16.8900
2019-10-23,16.8200,17.1700,16.1200,16.2800
2019-10-24,16.3500,16.7950,16.0500,16.6900
2019-10-25,16.5400,16.8800,16.3600,16.8300
2019-10-28,16.9300,17.9200,16.8601,17.7300
2019-10-29,17.8600,17.9200,16.7500,16.9900
2019-10-30,16.9900,17.0900,16.3100,16.7400
2019-10-31,16.7000,16.9800,15.9700,16.1100
2019-11-01,16.2000,16.9100,16.0800,16.7300
2019-11-04,16.9700,17.0400,15.9500,16.3400
2019-11-05,16.4000,16.7400,16.0600,16.2800
2019-11-06,16.2800,16.4300,15.8000,15.8600
2019-11-07,16.3000,16.5900,14.3484,15.0200
2019-11-08,14.9200,16.8050,14.7300,16.7800
2019-11-11,16.7800,18.1200,16.3200,17.7900
2019-11-12,17.6300,18.0200,16.7300,17.2400
2019-11-13,17.1100,17.5300,16.8527,17.3800
2019-11-14,17.3800,17.6900,17.0100,17.3900
2019-11-15,18.0400,19.1900,17.9400,18.7200
2019-11-18,18.7300,18.8900,17.6000,18.2600
2019-11-19,18.7800,19.7300,18.3400,19.4000
2019-11-20,19.2000,19.5000,18.5100,19.1800
2019-11-21,19.2100,19.6200,18.9400,19.6200
2019-11-22,19.6200,19.9000,19.2100,19.5700
2019-11-25,19.7800,20.5800,19.6000,20.5700
2019-11-26,20.6700,20.7900,19.9000,20.1900
2019-11-27,20.2900,20.4800,20.0000,20.2100
2019-11-29,20.0400,20.1500,19.4000,19.9000
2019-12-02,19.8900,19.9400,18.4700,18.8200
2019-12-03,18.5000,19.1900,18.2805,19.0600
2019-12-04,19.2200,19.3262,17.5000,17.7900
2019-12-05,17.5700,17.7700,16.9100,17.0500
2019-12-06,17.1900,17.8400,16.9100,17.6900
2019-12-09,17.7500,17.9900,17.0600,17.0900
2019-12-10,17.4900,17.7600,16.7500,17.7200
2019-12-11,17.7800,17.9687,16.6500,16.7300
2019-12-12,16.5700,17.1500,16.4100,17.0300
2019-12-13,16.9400,17.2400,16.8250,17.1600
2019-12-16,17.2200,17.6200,16.5600,16.7700
2019-12-17,16.9300,17.3500,16.1400,17.2600
2019-12-18,17.2200,17.5600,16.7000,17.1700
2019-12-19,17.1800,17.4200,16.8300,16.9400
2019-12-20,16.9500,17.0400,15.9600,16.3300
2019-12-23,16.4300,16.6310,15.8700,16.5800
2019-12-24,16.6100,17.0799,16.3050,16.9600
2019-12-26,16.9700,16.9700,16.1100,16.1200
2019-12-27,16.1000,16.5100,16.0400,16.1700
2019-12-30,16.1100,16.1900,15.2400,15.4400
2019-12-31,15.2900,16.2400,15.1100,16.1300
2020-01-02,16.4000,16.5000,15.7900,16.3500
2020-01-03,15.9000,16.3000,15.6500,16.1200
2020-01-06,15.8000,16.1800,15.6100,16.0500
2020-01-07,16.1300,16.2900,15.7100,15.7800
2020-01-08,15.8200,16.5300,15.6100,16.2600
2020-01-09,16.5100,17.1000,16.3200,16.5500
2020-01-10,16.6700,17.1200,16.4643,16.7200
2020-01-13,17.7300,18.7900,17.5000,18.3800
2020-01-14,18.3800,18.3900,17.7600,18.2200
2020-01-15,18.2600,19.6100,18.1800,19.5800
2020-01-16,19.8500,20.3750,19.0400,20.2600
2020-01-17,20.3500,20.4000,19.5000,19.6300
2020-01-21,19.5000,19.7700,18.5400,18.7500
2020-01-22,18.7600,19.0900,18.4600,18.7500
2020-01-23,18.7100,18.7200,18.1500,18.5000
2020-01-24,18.5000,18.9700,18.1200,18.3500
2020-01-27,17.4900,18.6200,17.2600,18.1600
2020-01-28,18.4500,18.9000,18.2500,18.7400
2020-01-29,18.7600,20.2400,18.7600,20.0100
2020-01-30,19.7000,20.2300,19.0486,19.5600
2020-01-31,19.3900,19.4800,18.1900,18.6500
2020-02-03,18.8100,18.9457,18.1500,18.8200
2020-02-04,19.2200,19.4900,18.9400,19.3100
2020-02-05,19.5200,19.8800,19.3017,19.5900
2020-02-06,19.8000,23.3900,19.3100,22.1600
2020-02-07,23.4700,24.1200,22.2200,22.9900
2020-02-10,24.1200,24.3500,22.9400,24.1700
2020-02-11,25.1000,25.3500,24.3427,24.6200
2020-02-12,25.0000,25.8484,24.4950,25.7700
2020-02-13,25.5300,27.1200,25.2617,26.2500
2020-02-14,26.6900,27.3200,26.1400,27.0400
2020-02-18,27.2800,27.7000,26.1400,27.2500
2020-02-19,27.5200,28.0000,26.8200,27.5000
2020-02-20,24.7800,24.8900,23.2700,23.8200
2020-02-21,23.1100,23.5900,22.4175,23.1000
2020-02-24,21.7700,22.5200,21.4100,22.1000
2020-02-25,22.9500,22.9500,20.7800,21.1400
2020-02-26,21.0400,21.7300,20.1900,20.7500
2020-02-27,19.9000,21.0799,19.4102,20.2300
2020-02-28,19.1600,20.4900,18.8250,20.3800
2020-03-02,20.6800,20.7500,19.0300,20.1000
2020-03-03,20.2900,20.8900,18.8500,19.4900
2020-03-04,19.7800,20.8700,19.5100,20.8500
2020-03-05,20.2100,21.0950,19.5500,20.0400
2020-03-06,19.3000,19.8000,18.2500,18.6300
2020-03-09,16.5400,18.1600,16.0000,16.6700
2020-03-10,17.5200,17.8800,16.0100,17.8500
2020-03-11,17.3100,17.7200,15.8400,15.8500
2020-03-12,14.5100,14.5100,11.8400,11.8800
2020-03-13,13.2100,13.2400,11.0000,12.2300
2020-03-16,10.5000,11.0900,9.7500,9.9200
2020-03-17,10.0800,10.3600,8.5200,9.7500
2020-03-18,9.0000,9.5700,7.5800,7.6400
2020-03-19,7.6500,10.1700,7.4150,9.7900
2020-03-20,10.6100,11.3100,9.6500,10.1500
2020-03-23,10.0200,10.7000,9.5300,10.0800
2020-03-24,11.0900,12.2400,10.7500,12.1500
2020-03-25,12.6800,15.3500,12.5000,14.6400
2020-03-26,14.0500,17.6800,14.0000,16.3400
2020-03-27,15.1600,15.9300,14.0000,14.0900
2020-03-30,14.2200,14.8800,13.1300,14.1900
2020-03-31,14.2200,14.7600,13.2700,13.6700
2020-04-01,12.5700,13.2700,11.7000,11.7100
2020-04-02,10.3900,13.2500,10.0215,12.6500
2020-04-03,12.5400,13.4300,12.4150,12.6200
2020-04-06,13.6300,13.6600,12.6000,13.2300
2020-04-07,14.1900,14.4000,12.7400,12.7700
2020-04-08,13.2800,13.5700,12.8900,13.5300
2020-04-09,13.8600,14.2400,13.0200,13.2900
2020-04-13,13.2900,13.2900,12.4200,13.0200
2020-04-14,13.4200,14.5800,13.3800,14.3100
2020-04-15,13.5100,14.3200,13.3400,13.5600
2020-04-16,13.5700,13.9100,13.4060,13.8900
2020-04-17,14.5000,14.9100,14.1300,14.7700
2020-04-20,14.5000,15.8600,14.3300,15.3900
2020-04-21,15.1200,15.6300,14.5789,15.2400
2020-04-22,15.7400,16.6800,15.2900,16.4400
2020-04-23,16.5900,17.0500,15.5800,15.6200
2020-04-24,15.7600,16.6900,15.6200,16.4400
2020-04-27,16.7900,18.5500,16.7200,17.7100
2020-04-28,18.3800,18.4500,16.3850,16.9100
2020-04-29,17.4900,17.7191,16.7800,17.4900
2020-04-30,17.2500,17.4600,16.5000,16.5500
2020-05-01,16.0000,16.4700,15.0200,15.4000
2020-05-04,15.0900,16.2400,14.8400,16.2100
2020-05-05,16.8000,17.0900,16.4500,16.6700
2020-05-06,16.9800,17.3700,15.6400,16.3200
2020-05-07,16.6800,16.7200,15.8300,16.1200
2020-05-08,16.3800,17.2400,16.0300,17.1600
2020-05-11,17.1000,18.0000,16.8600,17.8500
2020-05-12,18.0600,18.8300,17.3733,17.5300
2020-05-13,17.5600,17.7300,15.5000,16.1100
2020-05-14,15.6000,16.3300,15.1200,15.5700
2020-05-15,15.5400,16.5000,15.1200,16.4800
2020-05-18,17.2000,17.5800,16.7600,17.1300
2020-05-19,17.0000,17.2700,15.9900,16.0200
2020-05-20,16.3700,16.9000,16.1300,16.7400
2020-05-21,16.7600,16.9600,16.0400,16.7400
2020-05-22,16.7600,17.7400,16.5600,17.5100
2020-05-26,17.9400,18.1900,16.5000,16.5400
2020-05-27,16.7400,17.1700,16.0400,17.1200
2020-05-28,17.1700,17.8800,16.6000,17.1400
2020-05-29,17.1000,17.4900,16.0300,16.8200
2020-06-01,16.7500,17.8195,16.5600,17.4500
2020-06-02,17.6300,17.8650,17.0800,17.5800
2020-06-03,17.6300,18.6000,17.4300,17.5500
2020-06-04,17.5000,17.8000,16.5509,16.6700
2020-06-05,17.2200,17.8300,16.9000,17.3400
2020-06-08,17.7500,18.1000,17.0200,17.4500
2020-06-09,17.2600,18.3400,17.2146,17.7300
2020-06-10,17.9500,18.7000,17.6000,17.6400
2020-06-11,16.7600,17.0000,15.6150,15.7800
2020-06-12,16.3400,16.4900,15.2200,16.1700
2020-06-15,15.6100,17.3100,15.4500,17.0600
2020-06-16,17.7000,18.0900,16.8700,17.7100
2020-06-17,17.8200,18.0300,17.3400,17.4700
2020-06-18,17.4100,18.1500,17.3700,17.6900
2020-06-19,17.9200,18.7487,17.8500,18.7100
2020-06-22,22.0200,27.7700,21.5000,27.0500
2020-06-23,26.2900,30.2300,25.8700,29.9100
2020-06-24,28.6100,29.3698,26.7800,27.4800
2020-06-25,27.0000,29.3300,26.4600,27.9800
2020-06-26,28.0300,30.2300,27.6900,27.8900
2020-06-29,28.0000,28.3800,26.6900,28.1500
2020-06-30,28.3000,30.4900,28.0300,30.2900
2020-07-01,29.5900,31.7450,28.7180,30.4800
2020-07-02,30.8600,32.5000,30.5200,31.7200
2020-07-06,32.5000,34.1800,31.7301,32.4900
2020-07-07,32.2700,34.7000,31.9200,33.2200
2020-07-08,33.5900,35.3300,33.4000,34.2400
2020-07-09,34.8200,35.2100,32.7068,34.3000
2020-07-10,33.9600,34.6600,32.9400,33.4700
2020-07-13,34.2100,35.3100,32.6700,32.8100
2020-07-14,32.5000,33.0900,29.6100,32.5000
2020-07-15,33.3200,34.5850,32.5500,34.4100
2020-07-16,34.1200,34.5599,33.1600,33.3500
2020-07-17,33.3500,33.7900,32.6000,32.6700
2020-07-20,32.8900,33.8900,32.2000,32.9000
2020-07-21,33.1400,33.4568,31.6600,31.8100
2020-07-22,32.0700,32.6499,31.4300,32.4800
2020-07-23,32.3600,33.0800,30.9000,31.0100
2020-07-24,30.5600,30.5800,29.3965,29.7300
2020-07-27,29.8600,32.0700,29.7500,31.5800
2020-07-28,31.8100,31.8100,29.4800,29.5900
2020-07-29,29.8500,30.3100,28.8108,29.1200
2020-07-30,28.7200,29.8729,28.4100,29.5800
2020-07-31,30.0300,30.4000,28.5300,29.2000
2020-08-03,30.0000,32.4900,29.7800,32.0700
2020-08-04,32.5000,33.4500,31.0900,33.1100
2020-08-05,30.2700,33.4900,30.2400,33.3600
2020-08-06,32.5500,32.6900,30.5100,30.9600
2020-08-07,30.8800,30.8800,27.8800,28.4300
2020-08-10,29.0000,29.1300,28.0500,28.7900
2020-08-11,28.5000,29.8500,27.4700,29.0100
2020-08-12,29.3100,30.7800,28.5800,29.7600
2020-08-13,29.9100,31.5900,29.7900,30.9500
2020-08-14,30.9800,31.1200,29.3362,30.0200
2020-08-17,30.3000,32.0900,30.1000,31.8200
2020-08-18,32.0000,33.2500,31.6600,32.9200
2020-08-19,32.9700,33.3000,31.7000,32.9400
2020-08-20,32.6900,33.8200,32.3700,33.7400
2020-08-21,33.7000,35.8545,33.6000,35.3500
2020-08-24,36.1900,36.5000,33.0600,33.5700
2020-08-25,33.3400,33.5700,32.4100,32.9900
2020-08-26,32.9500,35.1260,32.8000,34.1600
2020-08-27,34.1800,34.4500,31.6000,33.0100
2020-08-28,33.2300,34.9800,33.1586,34.3500
2020-08-31,34.2500,35.7800,33.8600,34.9600
2020-09-01,34.9700,36.7400,34.1500,36.6700
2020-09-02,36.8300,37.2200,34.5069,37.0500
2020-09-03,36.5000,36.5000,33.0500,34.3300
2020-09-04,33.8000,34.3750,29.2000,32.1200
2020-09-08,30.8800,32.8300,30.1700,30.2300
2020-09-09,30.7600,32.7300,30.4300,32.4800
2020-09-10,32.7700,34.9800,32.1455,32.7500
2020-09-11,33.2000,33.8600,32.0100,32.5300
2020-09-14,33.1400,35.3100,33.1400,35.1400
2020-09-15,35.5100,39.9400,35.4800,39.0100
2020-09-16,39.0800,40.9300,38.5700,40.0700
2020-09-17,38.9900,40.1500,37.9000,39.0700
2020-09-18,39.7000,40.9600,38.4200,40.0000
2020-09-21,39.2500,40.7900,37.5900,40.5900
2020-09-22,41.0900,43.5899,39.9209,43.1000
2020-09-23,42.9100,44.0350,40.0900,40.7500
2020-09-24,39.2300,43.5400,38.8800,42.7100
2020-09-25,42.9000,44.8200,42.4550,44.6700
2020-09-28,45.2400,46.1700,43.2300,43.9000
2020-09-29,44.3500,45.9400,44.0400,44.2900
2020-09-30,44.6800,44.9700,42.6300,43.3500
2020-10-01,43.9800,44.6300,43.3800,44.0700
2020-10-02,42.7500,44.1900,42.2300,42.4300
2020-10-05,43.7500,45.6000,43.4700,45.4000
2020-10-06,45.6000,50.1760,45.5000,47.5100
2020-10-07,48.8200,51.4400,48.3500,50.0800
2020-10-08,51.5200,53.4750,49.8200,52.8300
2020-10-09,52.9300,54.4900,52.1600,53.3100
2020-10-12,54.1700,55.3800,51.1200,51.1300
2020-10-13,51.3600,53.3100,51.1400,52.5900
2020-10-14,52.3100,52.7300,48.6000,49.2800
2020-10-15,48.2400,48.9300,47.3100,47.6800
2020-10-16,47.9600,48.4900,46.8200,47.0300
2020-10-19,47.4100,50.4196,46.9800,48.3900
2020-10-20,48.5400,49.1500,47.0000,47.2400
2020-10-21,47.3100,47.6800,43.8500,44.0400
2020-10-22,44.2800,46.2400,44.2000,46.0100
2020-10-23,46.0000,46.3100,44.9000,45.2600
2020-10-26,44.7000,47.0850,44.6800,46.0800
2020-10-27,46.6300,48.4400,46.1300,48.1300
2020-10-28,46.2000,46.5555,43.9000,44.2200
2020-10-29,44.7100,45.2000,42.3400,43.7600
2020-10-30,43.2700,43.2700,38.4175,39.2100
2020-11-02,39.7200,40.3900,38.3844,39.0900
2020-11-03,40.0900,41.6500,39.2600,41.2000
2020-11-04,42.3500,44.4400,42.2501,43.2100
2020-11-05,44.9500,46.6521,44.5500,45.6900
2020-11-06,43.0100,46.6600,41.3800,44.7600
2020-11-09,45.5400,47.6750,42.6900,44.2300
2020-11-10,45.0800,45.1200,39.9700,43.0500
2020-11-11,43.7200,48.1400,43.7200,46.5900
2020-11-12,47.0000,49.7900,46.7100,47.1400
2020-11-13,48.0000,49.2300,46.9700,47.0200
2020-11-16,46.9000,47.7200,45.5250,46.4000
2020-11-17,46.3400,46.6800,45.0701,46.1000
2020-11-18,46.9900,48.3299,45.5600,45.6200
2020-11-19,45.7000,48.1500,45.5200,46.7700
2020-11-20,46.8800,48.8900,46.2000,48.0000
2020-11-23,49.5000,52.5600,48.5500,50.9200
2020-11-24,52.7200,52.7500,46.5900,46.6500
2020-11-25,46.9200,47.7500,45.2100,46.8500
2020-11-27,48.4100,50.7250,47.5600,50.0600
2020-11-30,50.8800,51.5750,48.2500,49.6500
2020-12-01,50.2300,53.5700,49.7600,50.1700
2020-12-02,49.6900,50.4000,48.0600,49.3500
2020-12-03,50.0200,51.2900,49.6900,50.0700
2020-12-04,50.3400,51.5000,49.8800,50.8800
2020-12-07,51.4800,57.1900,51.4800,54.1900
2020-12-08,54.8200,55.5000,53.2000,54.9300
2020-12-09,55.7200,58.2800,52.4200,52.5800
2020-12-10,52.6000,57.9400,51.1100,57.4000
2020-12-11,57.0000,59.7400,55.5500,56.6000
2020-12-14,58.2200,61.5900,54.2100,54.2400
2020-12-15,56.0100,56.0800,49.8300,50.6400
2020-12-16,51.0300,52.3600,49.5500,50.6600
2020-12-17,47.7100,48.9000,45.3900,47.1400
2020-12-18,47.1000,48.8200,46.6400,47.5600
2020-12-21,47.0500,50.6400,46.3600,50.0000
2020-12-22,51.7600,54.6300,50.8500,53.0800
2020-12-23,53.6500,54.2000,50.9600,50.9900
2020-12-24,50.5000,50.7300,46.4500,47.0700
2020-12-28,48.2500,49.1536,45.3000,45.4500
2020-12-29,45.7500,45.9200,41.4500,43.9400
2020-12-30,44.6000,46.2199,43.9500,44.2000
2020-12-31,44.1600,44.3300,41.3100,41.8100
2021-01-04,42.8400,44.6000,41.7100,43.6400
2021-01-05,43.2000,46.3300,42.3700,46.2200
2021-01-06,45.2800,47.1800,44.2000,45.5400
2021-01-07,46.5800,49.8176,46.5000,49.1900
2021-01-08,50.2800,53.7900,49.9400,51.1300
2021-01-11,47.5400,48.1800,45.2000,45.9400
2021-01-12,46.2000,48.7200,45.9000,47.5900
2021-01-13,48.4600,53.8500,48.1000,51.3700
2021-01-14,52.0900,55.7850,51.9200,53.4400
2021-01-15,53.4900,56.1498,52.5400,52.5900
2021-01-19,54.2600,56.7700,54.2100,55.8600
2021-01-20,57.0000,60.2499,56.7650,56.9300
2021-01-21,54.8700,57.5000,52.9100,53.1300
2021-01-22,53.6000,56.5900,52.7500,55.2100
2021-01-25,55.7600,56.2000,50.8100,52.2300
2021-01-26,53.0000,53.7400,47.9100,48.1500
2021-01-27,47.1600,50.6000,45.1100,47.6900
2021-01-28,48.6300,52.0500,48.3400,50.9300
2021-01-29,50.8300,51.6500,48.1800,49.5200
2021-02-01,49.6900,52.0000,48.7601,51.5400
2021-02-02,53.0700,55.3200,52.4800,53.6200
2021-02-03,54.4700,55.7000,51.5652,52.3900
2021-02-04,51.9900,52.1000,49.9200,50.1900
2021-02-05,50.8000,51.0200,48.6700,49.7000
2021-02-08,50.1900,51.6900,49.5600,50.8100
2021-02-09,51.5400,53.8000,51.0000,52.6000
2021-02-10,53.3300,54.9000,49.9000,51.9400
2021-02-11,51.2000,52.6941,49.8800,51.0900
2021-02-12,51.3900,52.3300,49.9700,51.8600
2021-02-16,52.8000,53.4700,49.0700,49.0700
2021-02-17,50.0000,50.0000,46.4550,47.8600
2021-02-18,49.3700,49.3900,45.9500,47.5200
2021-02-19,48.7300,52.1000,48.2000,50.4200
2021-02-22,49.1500,49.8700,44.5700,44.8100
2021-02-23,42.0100,43.4269,38.0000,42.7200
2021-02-24,42.5500,43.9550,40.8774,42.0900
2021-02-25,41.6000,42.3800,38.1500,39.8000
2021-02-26,40.1100,41.0700,37.7000,40.1300
2021-03-01,41.6400,44.5500,41.1600,43.7200
2021-03-02,43.7200,44.4800,41.8700,42.0100
2021-03-03,41.4100,41.8500,37.7100,39.0400
2021-03-04,37.8100,39.7000,35.0000,36.0100
2021-03-05,36.4900,36.6800,30.7865,34.1400
2021-03-08,33.8500,36.6499,31.0600,34.7600
2021-03-09,39.1800,40.1800,37.3450,38.8400
2021-03-10,40.1200,42.0000,38.6200,38.6600
2021-03-11,40.7000,43.6500,40.5400,42.9200
2021-03-12,41.5100,43.4900,40.2104,42.7000
2021-03-15,43.2700,43.6190,41.9750,42.9400
2021-03-16,43.4500,43.8900,40.0603,41.5900
2021-03-17,39.7600,43.9900,38.7500,42.8000
2021-03-18,41.5000,42.1632,39.3150,39.6700
2021-03-19,39.9700,41.8599,39.2600,41.3700
2021-03-22,41.4100,43.7500,41.1100,42.7900
2021-03-23,42.4500,42.7200,40.4200,40.9100
2021-03-24,41.3300,41.3300,35.4600,35.7800
2021-03-25,34.4900,35.1869,32.6907,34.6600
2021-03-26,34.5200,35.3060,31.9500,34.4500
2021-03-29,34.2000,34.7922,32.3600,33.0600
2021-03-30,32.7500,35.6100,31.7600,35.3000
2021-03-31,35.7500,39.0500,35.7500,38.2100
2021-04-01,39.2900,41.4900,39.1000,39.1900
2021-04-05,42.1800,42.5800,40.2601,40.4000
2021-04-06,40.1080,41.5200,39.4115,40.3400
2021-04-07,40.1300,40.6700,37.1125,37.3600
2021-04-08,37.9700,39.2700,37.7600,38.2700
2021-04-09,38.0700,38.2400,37.1000,38.0000
2021-04-12,37.7900,37.7900,35.9000,37.6100
2021-04-13,37.6700,39.6200,37.6400,39.3800
2021-04-14,39.3800,41.0299,38.9400,39.0700
2021-04-15,39.3900,39.9700,38.8500,39.0600
2021-04-16,39.0600,39.0900,36.8600,37.6400
2021-04-19,36.9600,37.4900,34.6500,35.3200
2021-04-20,34.9200,36.2700,33.8200,34.2500
2021-04-21,33.7500,36.2803,33.1800,36.1000
2021-04-22,36.1300,37.3300,35.5000,35.9600
2021-04-23,36.0600,36.9500,35.3400,36.8000
2021-04-26,36.6800,38.4200,36.4139,37.8900
2021-04-27,37.9800,38.2000,36.8900,37.2200
2021-04-28,36.5300,37.5000,35.8800,36.6600
2021-04-29,36.8000,36.9700,34.5400,35.0000
2021-04-30,34.6000,35.7396,34.2100,34.9000
2021-05-03,35.0900,35.4000,32.7800,32.8700
2021-05-04,32.5000,32.5100,30.6150,31.5000
2021-05-05,30.2500,32.5400,31.0000,31.2300
2021-05-06,31.0700,31.1100,28.2900,29.4600
2021-05-07,30.5600,31.6423,29.7700,29.9500
2021-05-10,28.7800,29.0000,26.9308,27.0800
2021-05-11,26.0900,28.6800,25.8700,27.9800
2021-05-12,27.0000,27.7300,26.5836,26.7600
2021-05-13,27.2800,27.9000,25.2400,26.0900
2021-05-14,26.2800,28.1600,26.2800,27.7400
2021-05-17,27.3200,27.8000,26.5100,27.3100
2021-05-18,27.5000,28.7100,26.7000,27.3900
2021-05-19,26.5000,27.3100,26.0100,26.8500
2021-05-20,27.2300,28.1600,26.9000,27.5700
2021-05-21,27.9800,28.1600,27.1200,27.1500
2021-05-24,27.5800,28.9600,27.1000,28.2400
2021-05-25,27.9800,29.2400,27.9100,28.9300
2021-05-26,29.0600,29.4500,28.7900,28.9400
2021-05-27,28.8200,29.3900,28.5100,29.0600
2021-05-28,29.2500,30.3300,28.5350,28.7800
2021-06-01,28.9800,29.2460,27.5558,28.1500
2021-06-02,28.0000,29.0300,27.9000,28.4900
2021-06-03,28.1600,28.5900,26.9500,27.0200
2021-06-04,27.2300,28.0850,27.2200,27.3800
2021-06-07,27.3500,29.8700,27.2500,29.2100
2021-06-08,29.9500,30.3350,28.3400,29.7500
2021-06-09,30.1300,30.8200,29.7700,30.5200
2021-06-10,30.4900,31.5300,29.9700,31.2900
2021-06-11,31.4000,31.6400,30.5600,31.2200
2021-06-14,31.3400,32.0800,31.1600,31.5300
2021-06-15,31.6400,31.7400,30.1700,30.5100
2021-06-16,30.3000,30.9790,29.0300,30.1300
2021-06-17,29.8100,32.9700,29.7500,32.3000
2021-06-18,31.9500,32.9800,31.9000,32.7900
2021-06-21,32.5400,33.6200,31.7400,33.3400
2021-06-22,33.3100,33.7800,32.4550,33.1200
2021-06-23,33.1800,34.3000,33.1800,33.8100
2021-06-24,34.0400,35.0000,33.9000,34.2500
2021-06-25,34.3100,34.5600,33.1900,34.4500
2021-06-28,35.5100,35.5100,34.0200,34.4700
2021-06-29,34.3900,35.0900,33.8400,34.0800
2021-06-30,33.9000,34.3700,33.2000,33.7300
2021-07-01,33.6200,34.0650,32.4300,33.6000
2021-07-02,33.7800,34.2782,32.6600,33.3600
2021-07-06,33.0600,34.1100,32.7000,33.2400
2021-07-07,33.6700,33.8100,31.6600,32.1200
2021-07-08,30.9900,31.3650,29.9010,31.0100
2021-07-09,31.2100,31.9600,30.5300,31.9500
2021-07-12,32.0800,32.4600,31.2500,31.4100
2021-07-13,31.0000,31.1900,29.8040,29.8700
2021-07-14,29.7300,30.2600,28.1201,28.6100
2021-07-15,28.3300,29.4100,27.7100,28.1100
2021-07-16,28.3800,29.0000,27.9400,28.4800
2021-07-19,27.8000,29.1400,27.5200,28.7500
2021-07-20,28.9100,29.4100,27.9200,29.2500
2021-07-21,29.2900,29.7850,28.5600,29.3200
2021-07-22,29.3900,29.5000,28.1900,28.4000
2021-07-23,27.5900,28.3900,27.5300,28.1800
2021-07-26,28.0000,28.6100,27.3000,27.6100
2021-07-27,27.6000,27.7499,26.0200,27.1000
2021-07-28,27.4000,28.6050,27.3200,28.1400
2021-07-29,28.4400,28.6000,27.9100,28.0800
2021-07-30,27.6900,28.7300,27.6900,27.9900
2021-08-02,28.1900,28.5900,27.6500,28.2900
2021-08-03,28.2500,28.5800,27.8100,28.5000
2021-08-04,31.1500,32.4100,30.5200,30.9200
2021-08-05,30.6200,31.6270,30.3800,30.8700
2021-08-06,30.9100,30.9900,29.2900,29.6600
2021-08-09,31.6400,31.6400,28.8800,28.9400
2021-08-10,28.9400,29.0300,26.7000,26.8300
2021-08-11,26.8500,26.9300,25.8450,26.7000
2021-08-12,26.7600,28.4700,26.6500,27.7700
2021-08-13,27.7200,27.8000,25.9700,26.0900
2021-08-16,25.8200,25.9500,24.6001,25.5500
2021-08-17,25.1100,25.8200,24.8900,25.8100
2021-08-18,26.0300,26.2190,25.0386,25.3000
2021-08-19,25.0000,25.0499,24.1700,24.3100
2021-08-20,24.2200,25.6900,24.1600,25.6300
2021-08-23,25.9300,27.4500,25.7700,27.4400
2021-08-24,27.6100,27.9000,27.2200,27.6000
2021-08-25,27.7000,28.2450,27.2100,27.8600
2021-08-26,27.9000,28.3700,27.3100,27.7500
2021-08-27,28.0000,29.5400,27.7700,28.9000
2021-08-30,28.9500,29.3900,28.5400,29.1000
2021-08-31,29.2600,29.6700,28.9300,29.6300
2021-09-01,29.7800,30.6500,29.5700,30.3900
2021-09-02,30.5000,31.1500,30.2900,31.0600
2021-09-03,31.0200,31.4000,30.6475,31.2400
2021-09-07,31.5000,31.8800,30.7300,31.7100
2021-09-08,31.7200,31.8508,30.6450,31.1700
2021-09-09,30.9400,32.7000,30.8000,31.7100
2021-09-10,31.9100,32.5600,31.0900,31.1700
2021-09-13,31.2200,31.2200,29.1100,30.0400
2021-09-14,30.2200,30.6700,29.4856,29.7700
2021-09-15,29.6100,29.7800,28.7200,29.6300
2021-09-16,29.2400,30.0900,28.8600,29.7400
2021-09-17,30.1000,31.5800,29.7700,31.5400
2021-09-20,30.2200,31.1050,29.9000,30.8300
2021-09-21,31.0200,32.9300,31.0200,31.7900
2021-09-22,31.5700,32.1200,31.4300,31.7300
2021-09-23,32.0000,32.2995,30.8674,32.1900
2021-09-24,32.0200,32.2200,30.0500,30.0600
2021-09-27,30.0000,30.2800,28.7100,30.0800
2021-09-28,29.7000,29.7600,28.2300,28.5100
2021-09-29,28.9600,29.5000,28.2200,28.4100
2021-09-30,28.4600,29.0700,28.3300,28.4300
2021-10-01,28.4300,28.7300,27.6000,28.6700
2021-10-04,28.2500,28.3000,26.3200,26.5200
2021-10-05,26.5600,27.4300,26.3400,26.4400
2021-10-06,26.0200,26.4700,25.7500,26.1000
2021-10-07,26.1500,27.1400,26.0700,26.5700
2021-10-08,26.5000,26.7900,25.9100,26.1500
2021-10-11,25.9300,26.4600,25.6900,26.1100
2021-10-12,26.1700,26.8700,26.0600,26.5300
2021-10-13,26.6300,27.2400,26.6000,26.9900
2021-10-14,27.2200,28.1400,27.1700,27.7300
2021-10-15,28.4000,28.6300,27.4200,27.5000
2021-10-18,27.2600,27.4000,26.9950,27.1000
2021-10-19,27.2100,28.7800,27.2100,28.5100
2021-10-20,28.8300,28.9500,28.1600,28.5800
2021-10-21,28.5300,29.1500,28.1600,28.2200
2021-10-22,28.0600,28.7200,27.6700,27.9900
2021-10-25,27.9000,28.8000,27.6000,28.4400
2021-10-26,28.6100,28.9100,27.7000,27.8500
2021-10-27,27.9000,28.1000,26.6750,26.8600
2021-10-28,26.9600,27.9800,26.6500,27.6900
2021-10-29,27.6200,27.9400,26.4800,26.5000
2021-11-01,26.5000,28.0600,26.4400,27.9000
2021-11-02,27.9500,28.0300,26.6600,27.1900
2021-11-03,27.0100,27.4600,26.3300,27.3600
2021-11-04,27.3800,27.6600,26.3000,26.5800
2021-11-05,26.5100,27.0600,25.7500,26.3200
2021-11-08,26.3000,27.2800,26.1200,26.2700
2021-11-09,22.8800,23.4000,20.4900,20.5300
2021-11-10,20.6300,22.5800,20.5700,21.8600
2021-11-11,21.8100,22.4300,21.6100,21.6500
2021-11-12,21.7200,22.1400,21.5350,21.9600
2021-11-15,21.9000,22.3499,21.2100,21.4900
2021-11-16,21.3800,21.9300,21.1700,21.9100
2021-11-17,21.9800,22.0800,21.0100,21.1600
2021-11-18,21.2600,21.5700,19.1900,19.3200
2021-11-19,19.2200,19.7927,18.8000,18.8900
2021-11-22,18.7500,18.8700,17.9900,18.3500
2021-11-23,18.3000,18.5600,17.4300,17.6400
2021-11-24,17.5100,18.3500,16.9500,18.1800
2021-11-26,17.9800,18.5000,17.8100,17.9900
2021-11-29,18.1700,18.2999,17.0800,17.1400
2021-11-30,17.1700,18.0300,16.7900,17.0000
2021-12-01,17.1000,17.3000,15.6200,15.6300
2021-12-02,15.5900,16.5500,15.3400,15.7600
2021-12-03,15.8000,15.8700,14.6920,14.9900
2021-12-06,14.7700,15.4650,14.0600,15.3900
2021-12-07,15.9900,17.5600,15.9900,17.0500
2021-12-08,17.0800,17.8400,16.3300,17.6400
2021-12-09,17.3500,17.5800,16.3500,16.4700
2021-12-10,16.6600,17.3600,15.9400,16.0100
2021-12-13,16.0300,16.7500,15.4500,16.2600
2021-12-14,15.8000,16.2700,15.4000,15.8200
2021-12-15,15.8400,16.6900,15.2600,16.5100
2021-12-16,16.6500,16.8200,15.3180,15.4600
2021-12-17,15.2200,18.4400,14.7800,18.3200
2021-12-20,17.8000,17.8100,16.4450,16.7800
2021-12-21,16.6400,17.3800,16.1400,17.2400
2021-12-22,17.1300,17.7700,16.6000,17.0400
2021-12-23,17.0000,17.0100,16.2700,16.6100
2021-12-27,16.2300,16.4800,14.9700,15.1800
2021-12-28,15.0800,15.7600,14.6900,14.7600
2021-12-29,14.7100,14.8800,14.3600,14.7000
2021-12-30,14.7000,16.2262,14.6500,15.6600
2021-12-31,15.6500,16.1200,15.2400,15.2700
2022-01-03,15.4000,15.8700,14.7200,15.5900
2022-01-04,15.5800,15.6500,13.9400,14.3600
2022-01-05,14.2800,14.4100,13.1209,13.2100
2022-01-06,13.2100,13.6700,12.3900,12.9200
2022-01-07,13.0000,13.8999,12.5400,12.5500
2022-01-10,12.3200,12.5850,11.5450,12.5500
2022-01-11,12.5000,12.9500,12.1800,12.8100
2022-01-12,13.0000,13.3200,11.8500,11.8700
2022-01-13,11.8900,11.9400,11.2500,11.4500
2022-01-14,11.3200,11.7900,10.8800,11.7400
2022-01-18,11.4800,12.0900,11.1600,11.2100
2022-01-19,11.3600,12.0000,11.1000,11.1600
2022-01-20,11.3800,12.7000,11.3800,11.4500
2022-01-21,11.2500,11.8500,10.7500,10.8100
2022-01-24,10.2700,10.7900,9.2800,10.7600
2022-01-25,10.4700,10.6300,9.8000,10.2000
2022-01-26,10.5100,11.3600,10.0000,10.1300
2022-01-27,10.2500,10.7650,9.6600,9.6800
2022-01-28,9.7600,10.2300,9.2800,10.2200
2022-01-31,10.3000,11.2600,10.1400,11.2400
2022-02-01,11.5000,11.7000,10.7300,11.6500
2022-02-02,11.5700,11.6400,10.6200,10.9500
2022-02-03,10.5100,10.9600,10.4000,10.4700
2022-02-04,10.5600,11.0300,10.2200,10.9000
2022-02-07,10.6900,11.6400,10.6700,10.9100
2022-02-08,10.8400,11.0600,10.3700,10.6300
2022-02-09,10.8200,11.7600,10.8200,11.5700
2022-02-10,11.2300,12.0400,10.8900,11.1600
2022-02-11,11.2200,11.8200,10.6300,10.8100
2022-02-14,10.8400,11.1900,10.3800,10.4900
2022-02-15,10.7100,11.2000,10.6900,11.1200
2022-02-16,10.9200,10.9600,10.5300,10.6900
2022-02-17,10.5400,10.6301,9.5650,9.7000
2022-02-18,9.7200,9.8300,9.2500,9.3400
2022-02-22,9.0000,9.4900,8.8300,8.9800
2022-02-23,9.0700,9.3000,8.5100,8.5800
2022-02-24,8.1600,9.4200,8.1000,9.4000
2022-02-25,9.7200,10.6200,9.5000,10.5900
2022-02-28,10.4900,11.4000,10.4450,10.7900
2022-03-01,10.7400,11.3300,10.7050,10.9100
2022-03-02,11.0000,11.0500,9.4800,9.4900
2022-03-03,9.5800,9.5900,8.8000,8.9700
2022-03-04,8.8300,9.1300,8.1100,8.2000
2022-03-07,8.2000,8.4650,7.8400,7.9700
2022-03-08,8.0100,8.6300,7.5500,8.2500
2022-03-09,8.4700,9.0400,8.3100,8.7200
2022-03-10,8.5000,8.5200,7.9700,8.1500
2022-03-11,8.1800,8.2400,7.2500,7.2600
2022-03-14,7.2200,7.2200,6.1650,6.2800
2022-03-15,6.2700,6.6300,6.0550,6.6200
2022-03-16,6.8200,7.6000,6.8200,7.5800
2022-03-17,7.3600,8.1450,7.3500,8.1100
2022-03-18,7.9400,8.7250,7.9400,8.3800
2022-03-21,8.2300,8.4200,7.8000,7.9600
2022-03-22,7.9000,8.8300,7.9000,8.5700
2022-03-23,8.4200,8.7500,8.0550,8.2400
2022-03-24,8.3300,8.4700,7.7000,8.2300
2022-03-25,8.2800,8.2800,7.6700,7.8000
2022-03-28,7.8700,8.2500,7.6900,8.0800
2022-03-29,8.2700,8.9900,8.2400,8.8400
2022-03-30,8.7800,9.1800,8.3550,8.4000
2022-03-31,8.4300,8.5100,7.9600,7.9700
2022-04-01,8.0700,8.5710,8.0100,8.4700
2022-04-04,8.5400,9.1100,8.5100,9.0100
2022-04-05,8.9900,9.0800,8.1000,8.2300
2022-04-06,8.0100,8.0200,7.2650,7.6600
2022-04-07,7.5500,7.6850,7.1700,7.4800
2022-04-08,7.3800,7.4600,7.0300,7.0600
2022-04-11,6.9600,7.1300,6.6400,6.8500
2022-04-12,7.0600,7.6800,6.8700,7.0000
2022-04-13,6.9500,7.2700,6.7800,7.0500
2022-04-14,7.0800,7.0800,6.5000,6.5000
2022-04-18,6.4900,6.5000,6.0400,6.1000
2022-04-19,6.0800,6.5700,6.0150,6.1800
2022-04-20,6.1100,6.2100,5.7750,5.8700
2022-04-21,5.9800,6.2300,5.3800,5.4400
2022-04-22,5.4400,5.6600,5.2800,5.3700
2022-04-25,5.3000,5.7200,5.3000,5.6800
2022-04-26,5.6000,5.7000,5.1400,5.1500
2022-04-27,5.0900,5.3100,4.8800,5.0200
2022-04-28,5.0000,5.2450,4.6300,5.2200
2022-04-29,5.1400,5.5200,5.1200,5.3100
2022-05-02,5.2200,5.6800,5.0400,5.6000
2022-05-03,5.6000,5.7600,5.4100,5.5700
2022-05-04,5.1900,6.1200,4.8200,5.9600
2022-05-05,5.8900,5.8900,5.2000,5.2900
2022-05-06,5.2400,5.3200,4.6900,5.0100
2022-05-09,4.8000,4.9200,4.2000,4.2100
2022-05-10,4.4300,4.6400,3.7700,4.1300
2022-05-11,3.9800,4.1300,3.5800,3.5900
2022-05-12,3.5800,3.9200,3.3826,3.7600
2022-05-13,3.8900,4.4400,3.8900,4.3200
2022-05-16,4.2700,4.3100,3.7200,3.7300
2022-05-17,3.8500,3.9600,3.5100,3.8000
2022-05-18,3.7200,3.8400,3.4400,3.4400
2022-05-19,3.4200,3.8950,3.3150,3.7200
2022-05-20,3.8200,3.9000,3.3400,3.6300
2022-05-23,3.6300,3.7000,3.4550,3.6900
2022-05-24,3.5700,3.6200,3.3400,3.4400
2022-05-25,3.3800,3.5800,3.3450,3.4000
2022-05-26,3.4600,3.6600,3.3550,3.5000
2022-05-27,3.6000,4.0500,3.5500,4.0200
2022-05-31,4.0000,4.1000,3.6000,3.6700
2022-06-01,3.7100,3.7350,3.3000,3.3600
2022-06-02,3.3750,3.6300,3.3200,3.5600
2022-06-03,3.3600,3.3800,3.0100,3.0200
2022-06-06,3.0700,3.1650,2.9000,2.9300
2022-06-07,2.8700,3.0300,2.8300,2.9800
2022-06-08,2.9700,3.1800,2.8900,2.9500
2022-06-09,2.9200,2.9350,2.6500,2.6600
2022-06-10,2.5800,2.6100,2.3600,2.4200
2022-06-13,2.3000,2.3100,2.1500,2.1700
2022-06-14,2.2300,2.3000,2.0800,2.2100
2022-06-15,2.2800,2.4000,2.2100,2.3400
2022-06-16,2.2300,2.2500,2.1000,2.1300
2022-06-17,2.1600,2.3200,2.1500,2.2300
2022-06-21,2.3100,2.4100,2.2300,2.2600
2022-06-22,2.2500,2.6500,2.2000,2.4700
2022-06-23,2.4800,2.8100,2.4500,2.8100
2022-06-24,2.9850,3.3500,2.8850,3.0700
2022-06-27,3.1200,3.1300,2.7700,2.8900
2022-06-28,2.9400,2.9500,2.6000,2.6200
2022-06-29,2.6100,2.6150,2.4800,2.5400
2022-06-30,2.4600,2.5500,2.3200,2.4400
2022-07-01,2.4600,2.6600,2.4200,2.5400
2022-07-05,2.5300,2.9800,2.4050,2.9700
2022-07-06,2.9600,3.1300,2.7900,2.8300
2022-07-07,2.8900,3.1800,2.8050,3.1500
2022-07-08,3.0800,3.3300,3.0200,3.1200
